player,team,market,line,p_model,p_book,edge,fair,p25,p75,game,verdict,abs_edge
Emeka Egbuka,TB,receptions,4.5,0.07096296296296296,0.4681518987341772,-0.3971889357712142,1.9,1.1,3.0,Tam@Cin,BET UNDER,0.3971889357712142
Chuba Hubbard,CAR,rushing_yards,53.5,0.11598746081504702,0.5,-0.384012539184953,16.5,4.8,34.7,Chi@Car,BET UNDER,0.384012539184953
Emeka Egbuka,TB,receiving_yards,58.5,0.12666666666666668,0.5,-0.3733333333333333,24.6,10.5,42.9,Tam@Cin,BET UNDER,0.3733333333333333
Emeka Egbuka,TB,receiving_yards,57.5,0.13140740740740742,0.5,-0.3685925925925926,24.6,10.5,42.9,Tam@Cin,BET UNDER,0.3685925925925926
Chuba Hubbard,CAR,rushing_yards,51.5,0.13166144200626959,0.4949766918501849,-0.3633152498439153,16.5,4.8,34.7,Chi@Car,BET UNDER,0.3633152498439153
Chuba Hubbard,CAR,rushing_yards,50.5,0.13793103448275862,0.5,-0.3620689655172414,16.5,4.8,34.7,Chi@Car,BET UNDER,0.3620689655172414
Emeka Egbuka,TB,receiving_yards,55.5,0.14592592592592593,0.5050233081498151,-0.3590973822238892,24.6,10.5,42.9,Tam@Cin,BET UNDER,0.3590973822238892
David Montgomery,HOU,rushing_yards,55.5,0.14817190506735087,0.5015460431890295,-0.3533741381216786,22.1,8.7,42.4,Buf@Hou,BET UNDER,0.3533741381216786
David Montgomery,HOU,rushing_yards,54.5,0.15330339961513792,0.4974859611392735,-0.3441825615241356,22.1,8.7,42.4,Buf@Hou,BET UNDER,0.3441825615241356
Matthew Golden,GB,receptions,3.5,0.131720801658604,0.4746508627435356,-0.34293006108493157,1.6,0.8,2.7,Gre@Min,BET UNDER,0.34293006108493157
Ladd McConkey,LAC,receptions,4.5,0.193503800967519,0.5347326091753917,-0.34122880820787266,2.4,1.2,3.9,Ari@Los,BET UNDER,0.34122880820787266
RJ Harvey,DEN,rushing_yards,17.5,0.8452436194895592,0.5090470446320868,0.33619657485747234,43.2,25.3,65.7,Den@Kan,BET OVER,0.33619657485747234
RJ Harvey,DEN,rushing_yards,18.5,0.8361948955916473,0.5015460431890295,0.33464885240261777,43.2,25.3,65.7,Den@Kan,BET OVER,0.33464885240261777
Ryan Flournoy,DAL,receptions,2.5,0.75920125293657,0.4254472721646978,0.33375398077187224,4.1,2.6,5.8,Dal@New,BET OVER,0.33375398077187224
Matthew Golden,GB,receiving_yards,40.5,0.1669661368348307,0.5,-0.3330338631651693,15.1,4.7,32.0,Gre@Min,BET UNDER,0.3330338631651693
Matthew Golden,GB,receiving_yards,39.5,0.1762266758811334,0.5041604710933423,-0.3279337952122089,15.1,4.7,32.0,Gre@Min,BET UNDER,0.3279337952122089
DeVonta Smith,PHI,receptions,5.5,0.1365925925925926,0.4620142214299288,-0.3254216288373362,2.9,1.6,4.4,Was@Phi,BET UNDER,0.3254216288373362
Aaron Jones,MIN,rushing_yards,29.5,0.8180974477958237,0.5,0.3180974477958237,63.4,37.2,96.3,Gre@Min,BET OVER,0.3180974477958237
Aaron Jones,MIN,rushing_yards,28.5,0.8245939675174014,0.5092803335262656,0.3153136339911359,63.4,37.2,96.3,Gre@Min,BET OVER,0.3153136339911359
Jalen Nailor,LV,receptions,3.5,0.11472011057360056,0.4282584157758449,-0.31353830520224435,1.5,0.8,2.5,Mia@Las,BET UNDER,0.31353830520224435
Matthew Golden,GB,receiving_yards,37.5,0.19198341395991708,0.5050233081498151,-0.313039894189898,15.1,4.7,32.0,Gre@Min,BET UNDER,0.313039894189898
DeVonta Smith,PHI,receiving_yards,66.5,0.18681481481481482,0.4989772959705462,-0.31216248115573136,32.8,14.1,57.3,Was@Phi,BET UNDER,0.31216248115573136
Aaron Jones,MIN,rushing_yards,30.5,0.8118329466357309,0.5,0.3118329466357309,63.4,37.2,96.3,Gre@Min,BET OVER,0.3118329466357309
Isaiah Likely,NYG,receiving_yards,37.5,0.1888044229440221,0.5,-0.3111955770559779,15.0,4.7,31.7,Dal@New,BET UNDER,0.3111955770559779
Ladd McConkey,LAC,receiving_yards,58.5,0.1899101589495508,0.5010464130421027,-0.31113625409255197,23.5,7.3,49.7,Ari@Los,BET UNDER,0.31113625409255197
Tank Bigsby,PHI,rushing_yards,17.5,0.8092807424593967,0.5010365701965337,0.30824417226286305,35.8,21.0,54.3,Was@Phi,BET OVER,0.30824417226286305
Michael Mayer,LV,receptions,4.5,0.2034074074074074,0.5045866018376607,-0.3011791944302533,2.6,1.5,4.1,Mia@Las,BET UNDER,0.3011791944302533
Javonte Williams,DAL,rushing_yards,76.5,0.2,0.5,-0.3,46.1,27.0,70.0,Dal@New,BET UNDER,0.3
Ladd McConkey,LAC,receiving_yards,56.5,0.20262612301313063,0.5010179153094463,-0.2983917922963156,23.5,7.3,49.7,Ari@Los,BET UNDER,0.2983917922963156
DeVonta Smith,PHI,receiving_yards,64.5,0.20177777777777778,0.5,-0.2982222222222222,32.8,14.1,57.3,Was@Phi,BET UNDER,0.2982222222222222
Aaron Jones,MIN,rushing_yards,31.5,0.8048723897911833,0.5079872204472844,0.29688516934389886,63.4,37.2,96.3,Gre@Min,BET OVER,0.29688516934389886
Isaiah Likely,NYG,receptions,3.5,0.15425017277125086,0.4479852025583418,-0.29373502978709093,1.7,0.8,2.8,Dal@New,BET UNDER,0.29373502978709093
Javonte Williams,DAL,rushing_yards,75.5,0.20672853828306265,0.5,-0.29327146171693735,46.1,27.0,70.0,Dal@New,BET UNDER,0.29327146171693735
CeeDee Lamb,DAL,receptions,5.5,0.2803445575567737,0.5730401256604313,-0.2926955681036576,4.1,2.6,5.8,Dal@New,BET UNDER,0.2926955681036576
George Pickens,DAL,receptions,4.5,0.28355555555555556,0.5756738301912196,-0.2921182746356641,3.1,1.7,4.8,Dal@New,BET UNDER,0.2921182746356641
DeVonta Smith,PHI,receiving_yards,63.5,0.20844444444444443,0.5,-0.29155555555555557,32.8,14.1,57.3,Was@Phi,BET UNDER,0.29155555555555557
Jake Ferguson,DAL,receptions,3.5,0.21368348306841742,0.505225422996532,-0.2915419399281145,1.9,1.0,3.2,Dal@New,BET UNDER,0.2915419399281145
Woody Marks,HOU,rushing_yards,24.5,0.7909512761020882,0.5,0.29095127610208815,46.9,27.5,71.3,Buf@Hou,BET OVER,0.29095127610208815
Garrett Wilson,NYJ,receptions,5.5,0.2192638997650744,0.5091643251893341,-0.28990042542425964,3.7,2.4,5.3,New@Ten,BET UNDER,0.28990042542425964
Isaiah Likely,NYG,receiving_yards,35.5,0.21022805805114028,0.5,-0.2897719419488597,15.0,4.7,31.7,Dal@New,BET UNDER,0.2897719419488597
Ladd McConkey,LAC,receiving_yards,55.5,0.21022805805114028,0.5,-0.2897719419488597,23.5,7.3,49.7,Ari@Los,BET UNDER,0.2897719419488597
Tank Bigsby,PHI,rushing_yards,18.5,0.7935034802784223,0.5090470446320868,0.2844564356463355,35.8,21.0,54.3,Was@Phi,BET OVER,0.2844564356463355
Javonte Williams,DAL,rushing_yards,74.5,0.217169373549884,0.5010179153094463,-0.2838485417595623,46.1,27.0,70.0,Dal@New,BET UNDER,0.2838485417595623
Xavier Worthy,KC,receiving_yards,37.5,0.2286109191430546,0.5082034454470877,-0.27959252630403314,16.7,5.2,35.2,Den@Kan,BET UNDER,0.27959252630403314
Xavier Worthy,KC,receiving_yards,38.5,0.2193503800967519,0.4949766918501849,-0.275626311753433,16.7,5.2,35.2,Den@Kan,BET UNDER,0.275626311753433
Dalton Kincaid,BUF,receiving_yards,38.5,0.2302695231513476,0.5010179153094463,-0.27074839215809865,17.2,5.4,36.4,Buf@Hou,BET UNDER,0.27074839215809865
Nico Collins,HOU,receptions,5.5,0.17384494909945183,0.44264136642936414,-0.26879641732991233,3.4,2.2,4.8,Buf@Hou,BET UNDER,0.26879641732991233
Jake Ferguson,DAL,receiving_yards,30.5,0.22736696613683482,0.495885047082207,-0.26851808094537216,13.5,4.2,28.5,Dal@New,BET UNDER,0.26851808094537216
Jalen Nailor,LV,receiving_yards,37.5,0.2340013821700069,0.5005094762584064,-0.2665080940883995,17.0,5.3,35.8,Mia@Las,BET UNDER,0.2665080940883995
Jake Ferguson,DAL,receiving_yards,29.5,0.23911541119557705,0.5041010938805546,-0.2649856826849775,13.5,4.2,28.5,Dal@New,BET UNDER,0.2649856826849775
De'Von Achane,MIA,receptions,4.5,0.16281962681409815,0.42723631508678234,-0.26441668827268416,2.2,1.1,3.7,Mia@Las,BET UNDER,0.26441668827268416
CeeDee Lamb,DAL,receptions,6.5,0.173061863743148,0.4365466931156307,-0.26348482937248274,4.1,2.6,5.8,Dal@New,BET UNDER,0.26348482937248274
Xavier Worthy,KC,receiving_yards,36.5,0.2377332411886662,0.5,-0.26226675881133377,16.7,5.2,35.2,Den@Kan,BET UNDER,0.26226675881133377
Woody Marks,HOU,rushing_yards,26.5,0.7665893271461717,0.5052301255230125,0.2613592016231592,46.9,27.5,71.3,Buf@Hou,BET OVER,0.2613592016231592
Michael Mayer,LV,receiving_yards,41.5,0.2411851851851852,0.5,-0.25881481481481483,23.3,10.0,40.8,Mia@Las,BET UNDER,0.25881481481481483
Michael Pittman,PIT,receptions,3.5,0.32355555555555554,0.5814694690142582,-0.2579139134587027,2.5,1.4,3.9,Atl@Pit,BET UNDER,0.2579139134587027
Garrett Wilson,NYJ,receiving_yards,63.5,0.2437353171495693,0.5,-0.2562646828504307,40.6,22.1,62.8,New@Ten,BET UNDER,0.2562646828504307
Woody Marks,HOU,rushing_yards,28.5,0.7410672853828306,0.48893805309734506,0.25212923228548556,46.9,27.5,71.3,Buf@Hou,BET OVER,0.25212923228548556
Dalton Kincaid,BUF,receiving_yards,36.5,0.2479612992398065,0.5,-0.2520387007601935,17.2,5.4,36.4,Buf@Hou,BET UNDER,0.2520387007601935
CeeDee Lamb,DAL,receiving_yards,76.5,0.2523492560689115,0.5,-0.2476507439310885,49.7,27.1,76.8,Dal@New,BET UNDER,0.2476507439310885
De'Von Achane,MIA,receiving_yards,29.5,0.24409122322045612,0.49095295536791317,-0.24686173214745705,13.7,4.3,28.9,Mia@Las,BET UNDER,0.24686173214745705
Michael Mayer,LV,receiving_yards,40.5,0.2522962962962963,0.4989535869578972,-0.24665729066160091,23.3,10.0,40.8,Mia@Las,BET UNDER,0.24665729066160091
George Pickens,DAL,receptions,5.5,0.17777777777777778,0.42318827800067604,-0.24541050022289826,3.1,1.7,4.8,Dal@New,BET UNDER,0.24541050022289826
Ryan Flournoy,DAL,receiving_yards,24.5,0.7415818324197337,0.4978941161605526,0.24368771625918112,43.9,23.9,67.8,Dal@New,BET OVER,0.24368771625918112
Theo Johnson,NYG,receptions,1.5,0.7482962962962963,0.5050726691531034,0.2432236271431929,2.6,1.5,4.0,Dal@New,BET OVER,0.2432236271431929
Xavier Worthy,KC,receptions,3.5,0.193503800967519,0.43539373992937713,-0.24188993896185812,1.8,0.9,3.1,Den@Kan,BET UNDER,0.24188993896185812
De'Von Achane,MIA,receiving_yards,27.5,0.2646855563234278,0.5030953363598845,-0.2384097800364567,13.7,4.3,28.9,Mia@Las,BET UNDER,0.2384097800364567
CeeDee Lamb,DAL,receiving_yards,75.5,0.26174628034455755,0.5,-0.23825371965544245,49.7,27.1,76.8,Dal@New,BET UNDER,0.23825371965544245
Terry McLaurin,WAS,receptions,3.5,0.3416296296296296,0.5795407291040983,-0.23791109947446865,2.6,1.5,4.0,Was@Phi,BET UNDER,0.23791109947446865
Jaylen Waddle,DEN,receptions,4.5,0.28355555555555556,0.5203045685279188,-0.23674901297236328,3.1,1.7,4.8,Den@Kan,BET UNDER,0.23674901297236328
Michael Pittman,PIT,receptions,4.5,0.18385185185185185,0.4192516220780375,-0.23539977022618566,2.5,1.4,3.9,Atl@Pit,BET UNDER,0.23539977022618566
Zay Flowers,BAL,receptions,4.5,0.34874074074074074,0.5840352220520675,-0.23529448131132674,3.4,1.9,5.3,Bal@Ind,BET UNDER,0.23529448131132674
Xavier Worthy,KC,receptions,2.5,0.34816862474084315,0.5829383886255923,-0.23476976388474918,1.8,0.9,3.1,Den@Kan,BET UNDER,0.23476976388474918
Garrett Wilson,NYJ,receiving_yards,61.5,0.26272513703993733,0.4974808478514976,-0.23475571081156027,40.6,22.1,62.8,New@Ten,BET UNDER,0.23475571081156027
Zay Flowers,BAL,receiving_yards,66.5,0.2654814814814815,0.5,-0.23451851851851852,39.5,17.0,69.1,Bal@Ind,BET UNDER,0.23451851851851852
Dontayvion Wicks,PHI,receptions,2.5,0.27477539737387696,0.5091643251893341,-0.23438892781545712,1.6,0.8,2.7,Was@Phi,BET UNDER,0.23438892781545712
Tre Tucker,LV,receptions,4.5,0.2034074074074074,0.43717818827807314,-0.23377078087066575,2.6,1.5,4.0,Mia@Las,BET UNDER,0.23377078087066575
Nico Collins,HOU,receiving_yards,71.5,0.26703210649960846,0.5,-0.23296789350039154,47.7,25.9,73.6,Buf@Hou,BET UNDER,0.23296789350039154
Drake London,ATL,receptions,4.5,0.34122944400939703,0.5739738968366939,-0.23274445282729683,3.6,2.3,5.1,Atl@Pit,BET UNDER,0.23274445282729683
Michael Mayer,LV,receiving_yards,39.5,0.26296296296296295,0.49546356436651007,-0.2325006014035471,23.3,10.0,40.8,Mia@Las,BET UNDER,0.2325006014035471
Tetairoa McMillan,CAR,receiving_yards,62.5,0.2682962962962963,0.5,-0.2317037037037037,37.4,16.0,65.4,Chi@Car,BET UNDER,0.2317037037037037
Dalton Kincaid,BUF,receptions,3.5,0.23261921216309606,0.46411201179071476,-0.2314927996276187,2.0,1.0,3.4,Buf@Hou,BET UNDER,0.2314927996276187
Mark Andrews,BAL,receiving_yards,36.5,0.269937802349689,0.5,-0.230062197650311,18.5,5.8,39.1,Bal@Ind,BET UNDER,0.230062197650311
Jayden Reed,GB,receptions,3.5,0.3416296296296296,0.5715225014611338,-0.2298928718315042,2.7,1.5,4.1,Gre@Min,BET UNDER,0.2298928718315042
Garrett Wilson,NYJ,receiving_yards,60.5,0.27036021926389975,0.5,-0.22963978073610025,40.6,22.1,62.8,New@Ten,BET UNDER,0.22963978073610025
Zay Flowers,BAL,receiving_yards,65.5,0.2734814814814815,0.5030135004821601,-0.2295320190006786,39.5,17.0,69.1,Bal@Ind,BET UNDER,0.2295320190006786
Christian Watson,GB,receptions,3.5,0.36133333333333334,0.5872330418066926,-0.22589970847335922,2.7,1.5,4.2,Gre@Min,BET UNDER,0.22589970847335922
Tre Tucker,LV,receptions,3.5,0.3416296296296296,0.5665108372290693,-0.22488120759943964,2.6,1.5,4.0,Mia@Las,BET UNDER,0.22488120759943964
Mark Andrews,BAL,receptions,3.5,0.21368348306841742,0.43767941311975056,-0.22399593005133314,1.9,1.0,3.2,Bal@Ind,BET UNDER,0.22399593005133314
Dontayvion Wicks,PHI,receiving_yards,29.5,0.27643400138217,0.49795039967206395,-0.22151639828989395,15.3,4.8,32.3,Was@Phi,BET UNDER,0.22151639828989395
Terry McLaurin,WAS,receptions,4.5,0.2034074074074074,0.4248366013071895,-0.22142919389978208,2.6,1.5,4.0,Was@Phi,BET UNDER,0.22142919389978208
Mark Andrews,BAL,receiving_yards,35.5,0.27864547339322737,0.5,-0.22135452660677263,18.5,5.8,39.1,Bal@Ind,BET UNDER,0.22135452660677263
Darnell Mooney,NYG,receptions,1.5,0.6994074074074074,0.4791338422462981,0.22027356516110924,2.3,1.3,3.5,Dal@New,BET OVER,0.22027356516110924
Michael Pittman,PIT,receiving_yards,40.5,0.27274074074074073,0.4928711096627016,-0.22013036892196086,24.4,10.5,42.7,Atl@Pit,BET UNDER,0.22013036892196086
Terry McLaurin,WAS,receiving_yards,52.5,0.28,0.5,-0.21999999999999997,32.2,13.8,56.2,Was@Phi,BET UNDER,0.21999999999999997
Nico Collins,HOU,receiving_yards,69.5,0.28014878621769773,0.5,-0.21985121378230227,47.7,25.9,73.6,Buf@Hou,BET UNDER,0.21985121378230227
Zay Flowers,BAL,receiving_yards,64.5,0.28103703703703703,0.5,-0.21896296296296297,39.5,17.0,69.1,Bal@Ind,BET UNDER,0.21896296296296297
Kenny Gainwell,TB,receptions,3.5,0.6458496476115897,0.4285882744185542,0.2172613731930355,4.4,2.8,6.2,Tam@Cin,BET OVER,0.2172613731930355
DJ Moore,BUF,receptions,3.5,0.32355555555555554,0.5407914020517831,-0.21723584649622757,2.6,1.4,4.0,Buf@Hou,BET UNDER,0.21723584649622757
Ryan Flournoy,DAL,receiving_yards,26.5,0.716718872357087,0.5,0.21671887235708698,43.9,23.9,67.8,Dal@New,BET OVER,0.21671887235708698
Tre Tucker,LV,receiving_yards,47.5,0.2816296296296296,0.49795039967206395,-0.21632077004243433,29.2,12.5,51.0,Mia@Las,BET UNDER,0.21632077004243433
Christian Watson,GB,receptions,4.5,0.21733333333333332,0.43348916277093075,-0.21615582943759742,2.7,1.5,4.2,Gre@Min,BET UNDER,0.21615582943759742
Theo Johnson,NYG,receiving_yards,13.5,0.7173333333333334,0.5020774472328402,0.21525588610049318,27.0,11.6,47.2,Dal@New,BET OVER,0.21525588610049318
Tetairoa McMillan,CAR,receiving_yards,60.5,0.2862222222222222,0.5,-0.2137777777777778,37.4,16.0,65.4,Chi@Car,BET UNDER,0.2137777777777778
Pat Bryant,DEN,receptions,2.5,0.6391111111111111,0.425984607741687,0.21312650336942407,3.3,1.9,5.2,Den@Kan,BET OVER,0.21312650336942407
Zay Flowers,BAL,receiving_yards,63.5,0.2897777777777778,0.5025770643393255,-0.21279928656154767,39.5,17.0,69.1,Bal@Ind,BET UNDER,0.21279928656154767
Tetairoa McMillan,CAR,receptions,4.5,0.28355555555555556,0.49488931328509567,-0.2113337577295401,3.0,1.7,4.7,Chi@Car,BET UNDER,0.2113337577295401
Dontayvion Wicks,PHI,receiving_yards,28.5,0.28970283344851416,0.5,-0.21029716655148584,15.3,4.8,32.3,Was@Phi,BET UNDER,0.21029716655148584
Jahmyr Gibbs,DET,rushing_yards,86.5,0.28329466357308586,0.49231205942186684,-0.20901739584878098,59.7,35.0,90.7,New@Det,BET UNDER,0.20901739584878098
Adam Trautman,DEN,receiving_yards,6.5,0.6981340704906703,0.48987854251012153,0.2082555279805488,14.3,4.5,30.2,Den@Kan,BET OVER,0.2082555279805488
Tre Tucker,LV,receiving_yards,46.5,0.2937777777777778,0.5015428924089693,-0.20776511463119152,29.2,12.5,51.0,Mia@Las,BET UNDER,0.20776511463119152
Alec Pierce,IND,receptions,3.5,0.19407407407407407,0.4007285974499089,-0.20665452337583484,2.0,1.1,3.1,Bal@Ind,BET UNDER,0.20665452337583484
Adam Trautman,DEN,receptions,1.5,0.5434692467173462,0.33864384951427073,0.20482539720307547,1.7,0.9,2.8,Den@Kan,BET OVER,0.20482539720307547
Justin Jefferson,MIN,receptions,5.5,0.3533672670321065,0.5575079453395595,-0.20414067830745297,4.5,2.9,6.4,Gre@Min,BET UNDER,0.20414067830745297
Jahmyr Gibbs,DET,rushing_yards,84.5,0.2965197215777262,0.5,-0.20348027842227379,59.7,35.0,90.7,New@Det,BET UNDER,0.20348027842227379
George Pickens,DAL,receiving_yards,67.5,0.29762962962962963,0.5010179153094463,-0.20338828567981665,42.8,18.4,74.8,Dal@New,BET UNDER,0.20338828567981665
Mark Andrews,BAL,receiving_yards,34.5,0.2890117484450587,0.4917678906606377,-0.20275614221557897,18.5,5.8,39.1,Bal@Ind,BET UNDER,0.20275614221557897
Michael Pittman,PIT,receiving_yards,38.5,0.29733333333333334,0.5,-0.20266666666666666,24.4,10.5,42.7,Atl@Pit,BET UNDER,0.20266666666666666
Marvin Harrison Jr.,ARI,receptions,3.5,0.36133333333333334,0.5637980525693701,-0.20246471923603676,2.8,1.6,4.3,Ari@Los,BET UNDER,0.20246471923603676
Keenan Allen,IND,receiving_yards,26.5,0.7032106499608457,0.5015460431890295,0.2016646067718162,42.4,23.1,65.5,Bal@Ind,BET OVER,0.2016646067718162
Jahmyr Gibbs,DET,rushing_yards,83.5,0.30788863109048725,0.5082145801888893,-0.20032594909840207,59.7,35.0,90.7,New@Det,BET UNDER,0.20032594909840207
Tetairoa McMillan,CAR,receiving_yards,58.5,0.3002962962962963,0.5,-0.19970370370370372,37.4,16.0,65.4,Chi@Car,BET UNDER,0.19970370370370372
DJ Moore,BUF,receiving_yards,47.5,0.3032592592592593,0.5026067805529297,-0.19934752129367045,30.6,13.1,53.5,Buf@Hou,BET UNDER,0.19934752129367045
Alec Pierce,IND,receptions,2.5,0.38207407407407407,0.5805485134823691,-0.19847443940829507,2.0,1.1,3.1,Bal@Ind,BET UNDER,0.19847443940829507
Tre Tucker,LV,receiving_yards,45.5,0.30162962962962964,0.5,-0.19837037037037036,29.2,12.5,51.0,Mia@Las,BET UNDER,0.19837037037037036
Darren Waller,CAR,receiving_yards,16.5,0.6965925925925925,0.4989820846905538,0.19761050790203877,30.3,13.0,53.0,Chi@Car,BET OVER,0.19761050790203877
Keenan Allen,IND,receiving_yards,27.5,0.692247454972592,0.4979934719747246,0.1942539829978674,42.4,23.1,65.5,Bal@Ind,BET OVER,0.1942539829978674
Mike Gesicki,CIN,receptions,2.5,0.22239115411195576,0.4165029469548134,-0.19411179284285762,1.4,0.7,2.4,Tam@Cin,BET UNDER,0.19411179284285762
D'Andre Swift,CHI,rushing_yards,63.5,0.30974477958236657,0.5030135004821601,-0.19326872089979352,45.4,26.7,69.0,Chi@Car,BET UNDER,0.19326872089979352
Tee Higgins,CIN,receptions,4.5,0.37196554424432265,0.5651093439363817,-0.19314379969205903,3.8,2.4,5.4,Tam@Cin,BET UNDER,0.19314379969205903
Michael Pittman,PIT,receiving_yards,37.5,0.30814814814814817,0.5010179153094463,-0.1928697671612981,24.4,10.5,42.7,Atl@Pit,BET UNDER,0.1928697671612981
Zay Flowers,BAL,receptions,5.5,0.232,0.4248366013071895,-0.19283660130718946,3.4,1.9,5.3,Bal@Ind,BET UNDER,0.19283660130718946
Chig Okonkwo,WAS,receiving_yards,24.5,0.7002740798747064,0.5079872204472844,0.19228685942742196,38.9,21.2,60.1,Was@Phi,BET OVER,0.19228685942742196
Terry McLaurin,WAS,receiving_yards,49.5,0.30725925925925923,0.4989820846905538,-0.19172282543129454,32.2,13.8,56.2,Was@Phi,BET UNDER,0.19172282543129454
Quentin Johnston,LAC,receiving_yards,43.5,0.3082962962962963,0.5,-0.1917037037037037,28.3,12.2,49.5,Ari@Los,BET UNDER,0.1917037037037037
Mike Gesicki,CIN,receiving_yards,21.5,0.30919143054595716,0.5,-0.19080856945404284,12.2,3.8,25.8,Tam@Cin,BET UNDER,0.19080856945404284
Kyle Monangai,CHI,receptions,0.5,0.8360746371803732,0.6456256921373201,0.1904489450430531,1.5,0.8,2.5,Chi@Car,BET OVER,0.1904489450430531
DJ Moore,BUF,receiving_yards,46.5,0.31422222222222224,0.5040451438048622,-0.18982292158263997,30.6,13.1,53.5,Buf@Hou,BET UNDER,0.18982292158263997
Justin Jefferson,MIN,receptions,6.5,0.23766640563821456,0.4269598743395687,-0.18929346870135416,4.5,2.9,6.4,Gre@Min,BET UNDER,0.18929346870135416
Kenny Gainwell,TB,receptions,2.5,0.7826938136256852,0.5940959409594095,0.1885978726662757,4.4,2.8,6.2,Tam@Cin,BET OVER,0.1885978726662757
Chig Okonkwo,WAS,receiving_yards,25.5,0.6900939702427564,0.5015460431890295,0.18854792705372692,38.9,21.2,60.1,Was@Phi,BET OVER,0.18854792705372692
Kyle Monangai,CHI,receiving_yards,5.5,0.7007601935038009,0.5123152709359606,0.1884449225678403,12.4,3.8,26.1,Chi@Car,BET OVER,0.1884449225678403
Tetairoa McMillan,CAR,receiving_yards,57.5,0.3082962962962963,0.4949766918501849,-0.1866803955538886,37.4,16.0,65.4,Chi@Car,BET UNDER,0.1866803955538886
Kenneth Walker III,KC,rushing_yards,62.5,0.3111368909512761,0.4974859611392735,-0.1863490701879974,45.0,26.4,68.3,Den@Kan,BET UNDER,0.1863490701879974
Xavier Legette,CAR,receptions,2.5,0.22239115411195576,0.40691187849777755,-0.1845207243858218,1.4,0.7,2.4,Chi@Car,BET UNDER,0.1845207243858218
Quentin Johnston,LAC,receiving_yards,42.5,0.3202962962962963,0.5041554124246831,-0.1838591161283868,28.3,12.2,49.5,Ari@Los,BET UNDER,0.1838591161283868
Aaron Jones,MIN,receptions,2.5,0.32301313061506565,0.505732779890279,-0.18271964927521334,1.8,0.9,3.0,Gre@Min,BET UNDER,0.18271964927521334
Jaylen Waddle,DEN,receiving_yards,56.5,0.30933333333333335,0.4917678906606377,-0.18243455732730435,36.9,15.8,64.4,Den@Kan,BET UNDER,0.18243455732730435
Chig Okonkwo,WAS,receptions,2.5,0.7523492560689116,0.5702144200640168,0.18213483600489477,3.9,2.5,5.6,Was@Phi,BET OVER,0.18213483600489477
D'Andre Swift,CHI,rushing_yards,62.5,0.3169373549883991,0.4979069722162731,-0.18096961722787402,45.4,26.7,69.0,Chi@Car,BET UNDER,0.18096961722787402
Jaylen Waddle,DEN,receiving_yards,55.5,0.31985185185185183,0.5,-0.18014814814814817,36.9,15.8,64.4,Den@Kan,BET UNDER,0.18014814814814817
Kyle Monangai,CHI,receiving_yards,6.5,0.6696613683483068,0.48967053309476455,0.17999083525354226,12.4,3.8,26.1,Chi@Car,BET OVER,0.17999083525354226
Kenneth Walker III,KC,rushing_yards,61.5,0.3185614849187935,0.4979069722162731,-0.17934548729747962,45.0,26.4,68.3,Den@Kan,BET UNDER,0.17934548729747962
DJ Moore,BUF,receiving_yards,45.5,0.32222222222222224,0.5,-0.17777777777777776,30.6,13.1,53.5,Buf@Hou,BET UNDER,0.17777777777777776
Chig Okonkwo,WAS,receiving_yards,26.5,0.677760375880971,0.5,0.17776037588097104,38.9,21.2,60.1,Was@Phi,BET OVER,0.17776037588097104
Kenneth Walker III,KC,rushing_yards,60.5,0.32807424593967516,0.5051597457277305,-0.17708549978805532,45.0,26.4,68.3,Den@Kan,BET UNDER,0.17708549978805532
Quinshon Judkins,CLE,rushing_yards,58.5,0.3234338747099768,0.5,-0.1765661252900232,43.1,25.3,65.5,Cle@Jac,BET UNDER,0.1765661252900232
Omarion Hampton,LAC,rushing_yards,70.5,0.32389791183294664,0.5,-0.17610208816705336,52.0,30.5,79.0,Ari@Los,BET UNDER,0.17610208816705336
D'Andre Swift,CHI,rushing_yards,61.5,0.3252900232018561,0.5,-0.17470997679814387,45.4,26.7,69.0,Chi@Car,BET UNDER,0.17470997679814387
Mike Gesicki,CIN,receiving_yards,20.5,0.3272978576364893,0.5010464130421027,-0.17374855540561346,12.2,3.8,25.8,Tam@Cin,BET UNDER,0.17374855540561346
Jayden Reed,GB,receiving_yards,44.5,0.336,0.5082034454470877,-0.1722034454470877,30.8,13.2,53.9,Gre@Min,BET UNDER,0.1722034454470877
Josh Downs,IND,receiving_yards,47.5,0.32785185185185184,0.5,-0.17214814814814816,32.3,13.9,56.5,Bal@Ind,BET UNDER,0.17214814814814816
Jayden Reed,GB,receiving_yards,45.5,0.32592592592592595,0.4979069722162731,-0.17198104629034716,30.8,13.2,53.9,Gre@Min,BET UNDER,0.17198104629034716
Adam Trautman,DEN,receiving_yards,7.5,0.6711817553559087,0.5,0.17118175535590874,14.3,4.5,30.2,Den@Kan,BET OVER,0.17118175535590874
Kenny Gainwell,TB,receiving_yards,21.5,0.6711041503523885,0.5,0.17110415035238846,30.9,16.8,47.8,Tam@Cin,BET OVER,0.17110415035238846
Quinshon Judkins,CLE,rushing_yards,57.5,0.33225058004640373,0.5030953363598845,-0.17084475631348073,43.1,25.3,65.5,Cle@Jac,BET UNDER,0.17084475631348073
Gunnar Helm,TEN,receiving_yards,21.5,0.3343469246717346,0.5046631467400601,-0.17031622206832547,13.1,4.1,27.7,New@Ten,BET UNDER,0.17031622206832547
Christian Watson,GB,receiving_yards,56.5,0.33140740740740743,0.5015460431890295,-0.17013863578162208,38.8,16.6,67.8,Gre@Min,BET UNDER,0.17013863578162208
Adam Trautman,DEN,receptions,0.5,0.8360746371803732,0.6666666666666667,0.16940797051370649,1.7,0.9,2.8,Den@Kan,BET OVER,0.16940797051370649
D'Andre Swift,CHI,rushing_yards,59.5,0.3431554524361949,0.5123152709359606,-0.16915981849976575,45.4,26.7,69.0,Chi@Car,BET UNDER,0.16915981849976575
Kyle Pitts,ATL,receiving_yards,36.5,0.6677760375880971,0.5,0.16777603758809712,52.2,28.4,80.6,Atl@Pit,BET OVER,0.16777603758809712
Quentin Johnston,LAC,receptions,3.5,0.3008888888888889,0.46752872055814926,-0.16663983166926039,2.5,1.4,3.8,Ari@Los,BET UNDER,0.16663983166926039
Jaylen Waddle,DEN,receiving_yards,53.5,0.3334814814814815,0.5,-0.1665185185185185,36.9,15.8,64.4,Den@Kan,BET UNDER,0.1665185185185185
Jauan Jennings,MIN,receptions,2.5,0.573037037037037,0.40690531997457213,0.16613171706246488,2.9,1.6,4.5,Gre@Min,BET OVER,0.16613171706246488
T.J. Hockenson,MIN,receptions,3.5,0.2709053213545266,0.4361112235398875,-0.1652059021853609,2.2,1.1,3.7,Gre@Min,BET UNDER,0.1652059021853609
Theo Johnson,NYG,receiving_yards,16.5,0.6648888888888889,0.5,0.16488888888888886,27.0,11.6,47.2,Dal@New,BET OVER,0.16488888888888886
Darren Waller,CAR,receptions,1.5,0.7601481481481481,0.5958759169517498,0.16427223119639833,2.9,1.6,4.5,Chi@Car,BET OVER,0.16427223119639833
Kenneth Walker III,KC,rushing_yards,59.5,0.33619489559164734,0.5,-0.16380510440835266,45.0,26.4,68.3,Den@Kan,BET UNDER,0.16380510440835266
Josh Downs,IND,receiving_yards,46.5,0.3371851851851852,0.5,-0.1628148148148148,32.3,13.9,56.5,Bal@Ind,BET UNDER,0.1628148148148148
Chris Godwin Jr.,TB,receptions,4.5,0.28355555555555556,0.4458598726114649,-0.16230431705590936,3.1,1.7,4.8,Tam@Cin,BET UNDER,0.16230431705590936
Kyle Monangai,CHI,receptions,1.5,0.49785763648928816,0.33623364125340716,0.161623995235881,1.5,0.8,2.5,Chi@Car,BET OVER,0.161623995235881
Christian Watson,GB,receiving_yards,55.5,0.33896296296296297,0.5,-0.16103703703703703,38.8,16.6,67.8,Gre@Min,BET UNDER,0.16103703703703703
Jalen Coker,CAR,receptions,3.5,0.37985185185185183,0.5403980041288122,-0.1605461522769604,2.8,1.6,4.3,Chi@Car,BET UNDER,0.1605461522769604
Omarion Hampton,LAC,rushing_yards,68.5,0.3392111368909513,0.4994915598942444,-0.1602804230032931,52.0,30.5,79.0,Ari@Los,BET UNDER,0.1602804230032931
Kenny Gainwell,TB,receiving_yards,22.5,0.6505481597494127,0.4920127795527157,0.158535380196697,30.9,16.8,47.8,Tam@Cin,BET OVER,0.158535380196697
Chris Godwin Jr.,TB,receiving_yards,48.5,0.3333333333333333,0.4917678906606377,-0.15843455732730438,33.4,14.3,58.4,Tam@Cin,BET UNDER,0.15843455732730438
Chris Godwin Jr.,TB,receiving_yards,47.5,0.3416296296296296,0.5,-0.15837037037037038,33.4,14.3,58.4,Tam@Cin,BET UNDER,0.15837037037037038
Tee Higgins,CIN,receiving_yards,65.5,0.34122944400939703,0.4989535869578972,-0.15772414294850018,49.9,27.2,77.1,Tam@Cin,BET UNDER,0.15772414294850018
Keenan Allen,IND,receptions,3.5,0.591229444009397,0.4336765353952165,0.15755290861418053,4.1,2.6,5.8,Bal@Ind,BET OVER,0.15755290861418053
Chris Olave,NO,receiving_yards,77.5,0.34299138606108065,0.5,-0.15700861393891935,59.9,38.8,90.5,New@Det,BET UNDER,0.15700861393891935
Mike Gesicki,CIN,receiving_yards,19.5,0.34333102971665513,0.5,-0.15666897028334487,12.2,3.8,25.8,Tam@Cin,BET UNDER,0.15666897028334487
Keenan Allen,IND,receiving_yards,30.5,0.6562255285826155,0.5,0.1562255285826155,42.4,23.1,65.5,Bal@Ind,BET OVER,0.1562255285826155
Amon-Ra St. Brown,DET,receptions,6.5,0.6460454189506656,0.49028718318065106,0.15575823577001452,8.1,5.4,10.8,New@Det,BET OVER,0.15575823577001452
Drake London,ATL,receiving_yards,56.5,0.34475332811276427,0.5,-0.15524667188723573,43.3,23.6,66.9,Atl@Pit,BET UNDER,0.15524667188723573
Kyle Pitts,ATL,receiving_yards,37.5,0.6570086139389193,0.5020930277837269,0.1549155861551924,52.2,28.4,80.6,Atl@Pit,BET OVER,0.1549155861551924
Xavier Legette,CAR,receptions,1.5,0.4689702833448514,0.6234096692111959,-0.15443938586634448,1.4,0.7,2.4,Chi@Car,BET UNDER,0.15443938586634448
Jayden Reed,GB,receiving_yards,42.5,0.3552592592592593,0.5090470446320868,-0.15378778537282756,30.8,13.2,53.9,Gre@Min,BET UNDER,0.15378778537282756
Jauan Jennings,MIN,receiving_yards,20.5,0.6475555555555556,0.49385702584811136,0.1536985297074442,31.4,13.5,54.9,Gre@Min,BET OVER,0.1536985297074442
Marvin Harrison Jr.,ARI,receiving_yards,49.5,0.33925925925925926,0.4928711096627016,-0.15361185040344233,34.6,14.8,60.4,Ari@Los,BET UNDER,0.15361185040344233
Ashton Jeanty,LV,receptions,3.5,0.3071181755355909,0.4598165804744796,-0.1526984049388887,2.3,1.2,3.9,Mia@Las,BET UNDER,0.1526984049388887
Alec Pierce,IND,receiving_yards,44.5,0.34785185185185186,0.5,-0.15214814814814814,31.7,13.6,55.4,Bal@Ind,BET UNDER,0.15214814814814814
Omarion Hampton,LAC,rushing_yards,67.5,0.34849187935034803,0.5,-0.15150812064965197,52.0,30.5,79.0,Ari@Los,BET UNDER,0.15150812064965197
Jayden Reed,GB,receiving_yards,43.5,0.3460740740740741,0.4974808478514976,-0.1514067737774235,30.8,13.2,53.9,Gre@Min,BET UNDER,0.1514067737774235
Chris Rodriguez Jr.,JAX,rushing_yards,36.5,0.6522041763341068,0.5010179153094463,0.15118626102466048,48.8,28.7,74.2,Cle@Jac,BET OVER,0.15118626102466048
Chris Olave,NO,receiving_yards,76.5,0.34925606891151134,0.5,-0.15074393108848866,59.9,38.8,90.5,New@Det,BET UNDER,0.15074393108848866
Quinshon Judkins,CLE,rushing_yards,56.5,0.34245939675174014,0.4928711096627016,-0.15041171291096145,43.1,25.3,65.5,Cle@Jac,BET UNDER,0.15041171291096145
Chris Godwin Jr.,TB,receiving_yards,46.5,0.3517037037037037,0.5,-0.14829629629629631,33.4,14.3,58.4,Tam@Cin,BET UNDER,0.14829629629629631
J.K. Dobbins,DEN,rushing_yards,48.5,0.6496519721577726,0.5015082370789681,0.14814373507880452,64.6,37.9,98.1,Den@Kan,BET OVER,0.14814373507880452
Quinshon Judkins,CLE,receiving_yards,9.5,0.650449205252246,0.5025770643393255,0.14787214091292056,16.7,5.2,35.1,Cle@Jac,BET OVER,0.14787214091292056
Gunnar Helm,TEN,receiving_yards,22.5,0.3177608845888044,0.4653465346534653,-0.1475856500646609,13.1,4.1,27.7,New@Ten,BET UNDER,0.1475856500646609
Gunnar Helm,TEN,receiving_yards,20.5,0.3524533517622668,0.4969864995178399,-0.14453314775557313,13.1,4.1,27.7,New@Ten,BET UNDER,0.14453314775557313
Bijan Robinson,ATL,receiving_yards,32.5,0.6491777603758809,0.5051597457277305,0.14401801464815045,44.5,24.2,68.7,Atl@Pit,BET OVER,0.14401801464815045
Marvin Harrison Jr.,ARI,receiving_yards,47.5,0.35659259259259257,0.5005094762584064,-0.1439168836658138,34.6,14.8,60.4,Ari@Los,BET UNDER,0.1439168836658138
Mason Taylor,NYJ,receptions,2.5,0.6017777777777777,0.45843045843045843,0.1433473193473193,3.0,1.7,4.7,New@Ten,BET OVER,0.1433473193473193
Alec Pierce,IND,receiving_yards,43.5,0.35674074074074075,0.5,-0.14325925925925925,31.7,13.6,55.4,Bal@Ind,BET UNDER,0.14325925925925925
Xavier Legette,CAR,receiving_yards,18.5,0.3519004837595024,0.4949087509797176,-0.1430082672202152,11.8,3.7,24.9,Chi@Car,BET UNDER,0.1430082672202152
Kyle Pitts,ATL,receiving_yards,38.5,0.6448707909162099,0.502049600327936,0.14282119058827392,52.2,28.4,80.6,Atl@Pit,BET OVER,0.14282119058827392
Pat Bryant,DEN,receiving_yards,23.5,0.6422222222222222,0.5,0.14222222222222225,35.4,15.2,61.8,Den@Kan,BET OVER,0.14222222222222225
Drake London,ATL,receiving_yards,55.5,0.35630383711824587,0.4968847958567786,-0.1405809587385327,43.3,23.6,66.9,Atl@Pit,BET UNDER,0.1405809587385327
Christian Watson,GB,receiving_yards,52.5,0.3645925925925926,0.5050233081498151,-0.14043071555722253,38.8,16.6,67.8,Gre@Min,BET UNDER,0.14043071555722253
J.K. Dobbins,DEN,rushing_yards,49.5,0.64292343387471,0.5025770643393255,0.14034636953538449,64.6,37.9,98.1,Den@Kan,BET OVER,0.14034636953538449
Tee Higgins,CIN,receiving_yards,63.5,0.3600234925606891,0.5,-0.1399765074393109,49.9,27.2,77.1,Tam@Cin,BET UNDER,0.1399765074393109
Chris Olave,NO,receiving_yards,75.5,0.36021926389976505,0.5,-0.13978073610023495,59.9,38.8,90.5,New@Det,BET UNDER,0.13978073610023495
Samaje Perine,CIN,rushing_yards,17.5,0.6279666452854393,0.48967053309476455,0.13829611219067478,26.0,10.2,49.9,Tam@Cin,BET OVER,0.13829611219067478
Harold Fannin Jr.,CLE,receiving_yards,34.5,0.6429130775254502,0.5060689431946916,0.1368441343307586,46.7,25.4,72.1,Cle@Jac,BET OVER,0.1368441343307586
Josh Downs,IND,receiving_yards,44.5,0.35555555555555557,0.4917678906606377,-0.13621233510508213,32.3,13.9,56.5,Bal@Ind,BET UNDER,0.13621233510508213
Tyler Warren,IND,receptions,5.5,0.2803445575567737,0.4165029469548134,-0.1361583893980397,4.0,2.6,5.7,Bal@Ind,BET UNDER,0.1361583893980397
Drake London,ATL,receiving_yards,54.5,0.3647220046985121,0.5,-0.13527799530148787,43.3,23.6,66.9,Atl@Pit,BET UNDER,0.13527799530148787
Cam Skattebo,NYG,receiving_yards,15.5,0.636,0.5010179153094463,0.13498208469055373,23.0,9.9,40.2,Dal@New,BET OVER,0.13498208469055373
Jakobi Meyers,JAX,receptions,3.5,0.6313625685199686,0.49641385049775366,0.13494871802221498,4.3,2.8,6.1,Cle@Jac,BET OVER,0.13494871802221498
Quinshon Judkins,CLE,rushing_yards,54.5,0.3668213457076566,0.5010179153094463,-0.13419656960178966,43.1,25.3,65.5,Cle@Jac,BET UNDER,0.13419656960178966
Wan'Dale Robinson,TEN,receptions,4.5,0.6068911511354738,0.47292120008373134,0.13396995105174242,5.2,3.5,7.0,New@Ten,BET OVER,0.13396995105174242
Breece Hall,NYJ,rushing_yards,64.5,0.36751740139211136,0.5005084401057556,-0.1329910387136442,51.1,30.0,77.6,New@Ten,BET UNDER,0.1329910387136442
Tee Higgins,CIN,receiving_yards,62.5,0.3674628034455756,0.5,-0.13253719655442442,49.9,27.2,77.1,Tam@Cin,BET UNDER,0.13253719655442442
Marvin Harrison Jr.,ARI,receiving_yards,46.5,0.36903703703703705,0.5,-0.13096296296296295,34.6,14.8,60.4,Ari@Los,BET UNDER,0.13096296296296295
Kenny Gainwell,TB,receiving_yards,23.5,0.6323414252153484,0.5015460431890295,0.1307953820263189,30.9,16.8,47.8,Tam@Cin,BET OVER,0.1307953820263189
Michael Wilson,ARI,receptions,3.5,0.6458496476115897,0.515096182182749,0.1307534654288407,4.4,2.8,6.2,Ari@Los,BET OVER,0.1307534654288407
Courtland Sutton,DEN,receiving_yards,42.5,0.6342991386061081,0.5041604710933423,0.13013866751276582,56.1,30.6,86.7,Den@Kan,BET OVER,0.13013866751276582
Chris Rodriguez Jr.,JAX,rushing_yards,38.5,0.6250580046403712,0.4949766918501849,0.1300813127901863,48.8,28.7,74.2,Cle@Jac,BET OVER,0.1300813127901863
Jauan Jennings,MIN,receiving_yards,21.5,0.6321481481481481,0.5030135004821601,0.12913464766598803,31.4,13.5,54.9,Gre@Min,BET OVER,0.12913464766598803
Jalen Coker,CAR,receiving_yards,42.5,0.3717037037037037,0.5,-0.1282962962962963,31.8,13.6,55.6,Chi@Car,BET UNDER,0.1282962962962963
Chris Olave,NO,receptions,6.5,0.3179326546593579,0.444624454344989,-0.1266917996856311,5.2,3.5,7.0,New@Det,BET UNDER,0.1266917996856311
Courtland Sutton,DEN,receiving_yards,43.5,0.62548942834769,0.4989820846905538,0.12650734365713617,56.1,30.6,86.7,Den@Kan,BET OVER,0.12650734365713617
Tyler Warren,IND,receptions,4.5,0.4246280344557557,0.550107272561626,-0.12547923810587025,4.0,2.6,5.7,Bal@Ind,BET UNDER,0.12547923810587025
Gunnar Helm,TEN,receptions,2.5,0.34816862474084315,0.47328211438570816,-0.12511348964486502,1.8,0.9,3.1,New@Ten,BET UNDER,0.12511348964486502
James Cook,BUF,rushing_yards,76.5,0.37331786542923434,0.4979069722162731,-0.12458910678703877,61.1,35.8,92.8,Buf@Hou,BET UNDER,0.12458910678703877
Tee Higgins,CIN,receiving_yards,61.5,0.3754894283476899,0.5,-0.12451057165231011,49.9,27.2,77.1,Tam@Cin,BET UNDER,0.12451057165231011
Bijan Robinson,ATL,receptions,4.5,0.5888801879404855,0.46633291614518146,0.122547271795304,5.2,3.3,7.4,Atl@Pit,BET OVER,0.122547271795304
J.K. Dobbins,DEN,rushing_yards,51.5,0.6208816705336427,0.4989535869578972,0.12192808357574553,64.6,37.9,98.1,Den@Kan,BET OVER,0.12192808357574553
Bijan Robinson,ATL,receiving_yards,34.5,0.624902114330462,0.5030135004821601,0.12188861384830196,44.5,24.2,68.7,Atl@Pit,BET OVER,0.12188861384830196
Harold Fannin Jr.,CLE,receiving_yards,36.5,0.6221613155833986,0.5010179153094463,0.12114340027395232,46.7,25.4,72.1,Cle@Jac,BET OVER,0.12114340027395232
Bijan Robinson,ATL,receiving_yards,35.5,0.6125685199686766,0.4917678906606377,0.12080062930803886,44.5,24.2,68.7,Atl@Pit,BET OVER,0.12080062930803886
Michael Wilson,ARI,receiving_yards,41.5,0.6203993735317149,0.5,0.12039937353171493,52.9,28.8,81.7,Ari@Los,BET OVER,0.12039937353171493
Rico Dowdle,PIT,receiving_yards,9.5,0.6199032480995162,0.5,0.11990324809951625,14.4,4.5,30.3,Atl@Pit,BET OVER,0.11990324809951625
Juwan Johnson,NO,receiving_yards,42.5,0.38103703703703706,0.5,-0.11896296296296294,32.4,13.9,56.6,New@Det,BET UNDER,0.11896296296296294
Justin Jefferson,MIN,receiving_yards,75.5,0.38332028191072826,0.5020930277837269,-0.11877274587299863,62.0,33.8,95.8,Gre@Min,BET UNDER,0.11877274587299863
Isaac TeSlaa,DET,receptions,1.5,0.572356599861783,0.4541420639234837,0.11821453593829928,1.8,0.9,3.0,New@Det,BET OVER,0.11821453593829928
Tyjae Spears,TEN,rushing_yards,26.5,0.38101347017318793,0.4989535869578972,-0.11794011678470928,19.2,7.5,36.9,New@Ten,BET UNDER,0.11794011678470928
Jauan Jennings,MIN,receiving_yards,22.5,0.6188148148148148,0.5010464130421027,0.11776840177271208,31.4,13.5,54.9,Gre@Min,BET OVER,0.11776840177271208
Rome Odunze,CHI,receptions,2.5,0.7083007047768207,0.5907279354157442,0.11757276936107652,3.5,2.2,5.0,Chi@Car,BET OVER,0.11757276936107652
Alec Pierce,IND,receiving_yards,42.5,0.3705185185185185,0.4876847290640395,-0.11716621054552095,31.7,13.6,55.4,Bal@Ind,BET UNDER,0.11716621054552095
Cade Otton,TB,receiving_yards,32.5,0.3811851851851852,0.4979069722162731,-0.11672178703108793,24.8,10.6,43.4,Tam@Cin,BET UNDER,0.11672178703108793
Pat Bryant,DEN,receiving_yards,25.5,0.6161481481481481,0.5,0.11614814814814811,35.4,15.2,61.8,Den@Kan,BET OVER,0.11614814814814811
Courtland Sutton,DEN,receiving_yards,44.5,0.6160924040720438,0.5,0.1160924040720438,56.1,30.6,86.7,Den@Kan,BET OVER,0.1160924040720438
Jakobi Meyers,JAX,receiving_yards,37.5,0.6170712607674237,0.5010179153094463,0.11605334545797741,47.5,25.9,73.3,Cle@Jac,BET OVER,0.11605334545797741
Jalen Coker,CAR,receiving_yards,40.5,0.3922962962962963,0.5082321093393624,-0.11593581304306605,31.8,13.6,55.6,Chi@Car,BET UNDER,0.11593581304306605
T.J. Hockenson,MIN,receiving_yards,25.5,0.38465791292328955,0.5,-0.11534208707671045,17.9,5.6,37.8,Gre@Min,BET UNDER,0.11534208707671045
Breece Hall,NYJ,rushing_yards,62.5,0.3851508120649652,0.5,-0.11484918793503479,51.1,30.0,77.6,New@Ten,BET UNDER,0.11484918793503479
Tee Higgins,CIN,receiving_yards,60.5,0.38566953797963976,0.5,-0.11433046202036024,49.9,27.2,77.1,Tam@Cin,BET UNDER,0.11433046202036024
Sam LaPorta,DET,receiving_yards,44.5,0.38725925925925925,0.5014958797734135,-0.11423662051415423,34.6,14.8,60.4,New@Det,BET UNDER,0.11423662051415423
James Cook,BUF,rushing_yards,74.5,0.3877030162412993,0.5005084401057556,-0.11280542386445624,61.1,35.8,92.8,Buf@Hou,BET UNDER,0.11280542386445624
Luther Burden III,CHI,receptions,4.5,0.43931088488645265,0.5518807924556303,-0.11256990756917762,4.2,2.7,5.9,Chi@Car,BET UNDER,0.11256990756917762
T.J. Hockenson,MIN,receiving_yards,28.5,0.34388389771941946,0.4554079696394686,-0.11152407192004915,17.9,5.6,37.8,Gre@Min,BET UNDER,0.11152407192004915
Cade Otton,TB,receiving_yards,31.5,0.3933333333333333,0.5041010938805546,-0.11076776054722126,24.8,10.6,43.4,Tam@Cin,BET UNDER,0.11076776054722126
Tony Pollard,TEN,rushing_yards,50.5,0.6111368909512761,0.5005094762584064,0.11062741469286974,61.8,36.3,93.9,New@Ten,BET OVER,0.11062741469286974
Samaje Perine,CIN,rushing_yards,18.5,0.6100064143681847,0.5,0.1100064143681847,26.0,10.2,49.9,Tam@Cin,BET OVER,0.1100064143681847
Kendrick Bourne,ARI,receptions,2.5,0.27477539737387696,0.38433602367646497,-0.109560626302588,1.6,0.8,2.6,Ari@Los,BET UNDER,0.109560626302588
Juwan Johnson,NO,receiving_yards,41.5,0.39066666666666666,0.5,-0.10933333333333334,32.4,13.9,56.6,New@Det,BET UNDER,0.10933333333333334
Ja'Marr Chase,CIN,receiving_yards,86.5,0.39075959279561473,0.5,-0.10924040720438527,73.1,47.4,110.5,Tam@Cin,BET UNDER,0.10924040720438527
Greg Dulcich,MIA,receiving_yards,26.5,0.3965445749827229,0.5050398497354097,-0.10849527475268683,19.4,6.0,40.9,Mia@Las,BET UNDER,0.10849527475268683
Rashee Rice,KC,receptions,5.5,0.5967110415035238,0.48823757931540557,0.10847346218811826,6.4,4.2,8.5,Den@Kan,BET OVER,0.10847346218811826
Dawson Knox,BUF,receptions,1.5,0.572356599861783,0.46411201179071476,0.10824458807106824,1.9,0.9,3.1,Buf@Hou,BET OVER,0.10824458807106824
Dallas Goedert,PHI,receiving_yards,34.5,0.6160924040720438,0.5079872204472844,0.1081051836247594,43.5,23.7,67.2,Was@Phi,BET OVER,0.1081051836247594
Cam Skattebo,NYG,receiving_yards,16.5,0.6171851851851852,0.5101214574898786,0.10706372769530659,23.0,9.9,40.2,Dal@New,BET OVER,0.10706372769530659
Jakobi Meyers,JAX,receiving_yards,38.5,0.6025841816758026,0.49599895786809584,0.1065852238077068,47.5,25.9,73.3,Cle@Jac,BET OVER,0.1065852238077068
Samaje Perine,CIN,rushing_yards,19.5,0.5965362411802437,0.49095295536791317,0.10558328581233056,26.0,10.2,49.9,Tam@Cin,BET OVER,0.10558328581233056
Harold Fannin Jr.,CLE,receptions,4.5,0.5276037588097102,0.42207915388633843,0.10552460492337179,4.7,3.0,6.7,Cle@Jac,BET OVER,0.10552460492337179
Juwan Johnson,NO,receptions,4.5,0.31822222222222224,0.42373381316185366,-0.10551159093963142,3.2,1.8,5.0,New@Det,BET UNDER,0.10551159093963142
Ja'Marr Chase,CIN,receiving_yards,85.5,0.39545810493343775,0.5,-0.10454189506656225,73.1,47.4,110.5,Tam@Cin,BET UNDER,0.10454189506656225
Jauan Jennings,MIN,receiving_yards,23.5,0.6042962962962963,0.5,0.10429629629629633,31.4,13.5,54.9,Gre@Min,BET OVER,0.10429629629629633
Kayshon Boutte,HOU,receiving_yards,26.5,0.40884588804422944,0.5123152709359606,-0.10346938289173119,20.2,6.3,42.7,Buf@Hou,BET UNDER,0.10346938289173119
Michael Wilson,ARI,receiving_yards,42.5,0.6080657791699295,0.5050233081498151,0.10304247102011443,52.9,28.8,81.7,Ari@Los,BET OVER,0.10304247102011443
Sam LaPorta,DET,receiving_yards,43.5,0.3973333333333333,0.5,-0.10266666666666668,34.6,14.8,60.4,New@Det,BET UNDER,0.10266666666666668
Justin Jefferson,MIN,receiving_yards,73.5,0.3985904463586531,0.5,-0.1014095536413469,62.0,33.8,95.8,Gre@Min,BET UNDER,0.1014095536413469
Darnell Mooney,NYG,receiving_yards,19.5,0.6031111111111112,0.5020774472328402,0.10103366387827095,26.1,11.2,45.5,Dal@New,BET OVER,0.10103366387827095
Kayshon Boutte,HOU,receiving_yards,27.5,0.3991706979958535,0.5,-0.10082930200414653,20.2,6.3,42.7,Buf@Hou,BET UNDER,0.10082930200414653
Luther Burden III,CHI,receiving_yards,60.5,0.3917384494909945,0.49231205942186684,-0.10057360993087233,50.5,27.5,78.0,Chi@Car,BET UNDER,0.10057360993087233
Jahmyr Gibbs,DET,receiving_yards,29.5,0.6035630383711824,0.5030135004821601,0.10054953788902232,36.5,19.9,56.3,New@Det,BET OVER,0.10054953788902232
Kendrick Bourne,ARI,receptions,1.5,0.5234277816171389,0.6234096692111959,-0.09998188759405702,1.6,0.8,2.6,Ari@Los,BET UNDER,0.09998188759405702
Tony Pollard,TEN,rushing_yards,51.5,0.5983758700696056,0.4989598490273348,0.09941602104227076,61.8,36.3,93.9,New@Ten,BET OVER,0.09941602104227076
Dallas Goedert,PHI,receiving_yards,35.5,0.5992560689115114,0.5,0.0992560689115114,43.5,23.7,67.2,Was@Phi,BET OVER,0.0992560689115114
Josh Downs,IND,receptions,4.5,0.3325925925925926,0.43184580351619234,-0.09925321092359973,3.3,1.9,5.2,Bal@Ind,BET UNDER,0.09925321092359973
Sam LaPorta,DET,receptions,3.5,0.4915555555555556,0.5904601300891351,-0.09890457453357954,3.4,1.9,5.3,New@Det,BET UNDER,0.09890457453357954
Evan Engram,DEN,receiving_yards,22.5,0.4058051140290256,0.5041554124246831,-0.09835029839565751,17.0,5.3,35.9,Den@Kan,BET UNDER,0.09835029839565751
Ja'Marr Chase,CIN,receiving_yards,84.5,0.40407204385277995,0.5020930277837269,-0.09802098393094694,73.1,47.4,110.5,Tam@Cin,BET UNDER,0.09802098393094694
Aaron Jones,MIN,receiving_yards,15.5,0.39115411195577054,0.48893805309734506,-0.09778394114157452,11.1,3.5,23.5,Gre@Min,BET UNDER,0.09778394114157452
Travis Etienne,NO,receptions,2.5,0.41672425708362126,0.5143809361667002,-0.09765667908307896,2.1,1.0,3.5,New@Det,BET UNDER,0.09765667908307896
De'Von Achane,MIA,rushing_yards,69.5,0.40278422273781905,0.5,-0.09721577726218095,58.6,34.3,89.0,Mia@Las,BET UNDER,0.09721577726218095
Brian Robinson,ATL,rushing_yards,19.5,0.4059561128526646,0.5020634950484674,-0.09610738219580278,14.4,4.2,30.3,Atl@Pit,BET UNDER,0.09610738219580278
Jalen Coker,CAR,receiving_yards,39.5,0.40444444444444444,0.5,-0.09555555555555556,31.8,13.6,55.6,Chi@Car,BET UNDER,0.09555555555555556
T.J. Hockenson,MIN,receiving_yards,24.5,0.3969592259847961,0.4920127795527157,-0.09505355356791961,17.9,5.6,37.8,Gre@Min,BET UNDER,0.09505355356791961
Ja'Marr Chase,CIN,receptions,7.5,0.34299138606108065,0.43800777110561634,-0.09501638504453569,6.2,4.2,8.3,Tam@Cin,BET UNDER,0.09501638504453569
Devaughn Vele,NO,receptions,3.5,0.5679326546593578,0.47303725796487855,0.09489539669447927,3.9,2.5,5.5,New@Det,BET OVER,0.09489539669447927
Justin Jefferson,MIN,receiving_yards,72.5,0.40877055599060297,0.5030135004821601,-0.09424294449155712,62.0,33.8,95.8,Gre@Min,BET UNDER,0.09424294449155712
Rico Dowdle,PIT,receiving_yards,10.5,0.5950241879751209,0.5010179153094463,0.09400627266567463,14.4,4.5,30.3,Atl@Pit,BET OVER,0.09400627266567463
Jahan Dotson,ATL,receiving_yards,13.5,0.5939184519695923,0.5,0.09391845196959225,18.4,5.7,38.8,Atl@Pit,BET OVER,0.09391845196959225
Evan Engram,DEN,receptions,2.5,0.45943331029716655,0.5516561708199061,-0.09222286052273959,2.2,1.1,3.7,Den@Kan,BET UNDER,0.09222286052273959
Kenny Gainwell,TB,rushing_yards,20.5,0.5946119307248237,0.5025191521485024,0.09209277857632125,27.1,10.7,52.1,Tam@Cin,BET OVER,0.09209277857632125
Mason Taylor,NYJ,receiving_yards,19.5,0.5998518518518519,0.5079872204472844,0.09186463140456747,25.8,11.1,45.1,New@Ten,BET OVER,0.09186463140456747
Rome Odunze,CHI,receptions,3.5,0.5068519968676586,0.41513549891798124,0.09171649794967734,3.5,2.2,5.0,Chi@Car,BET OVER,0.09171649794967734
Sam LaPorta,DET,receiving_yards,42.5,0.40844444444444444,0.5,-0.09155555555555556,34.6,14.8,60.4,New@Det,BET UNDER,0.09155555555555556
Ja'Marr Chase,CIN,receiving_yards,83.5,0.40877055599060297,0.5,-0.09122944400939703,73.1,47.4,110.5,Tam@Cin,BET UNDER,0.09122944400939703
Jordan Mason,MIN,rushing_yards,44.5,0.41693735498839907,0.5081398835223828,-0.09120252853398375,38.3,22.5,58.2,Gre@Min,BET UNDER,0.09120252853398375
Dallas Goedert,PHI,receptions,3.5,0.591229444009397,0.5000795049070429,0.09114993910235414,4.0,2.6,5.7,Was@Phi,BET OVER,0.09114993910235414
De'Von Achane,MIA,rushing_yards,68.5,0.4116009280742459,0.5025770643393255,-0.09097613626507955,58.6,34.3,89.0,Mia@Las,BET UNDER,0.09097613626507955
Jacory Croskey-Merritt,WAS,rushing_yards,39.5,0.5911832946635731,0.5020930277837269,0.08909026687984622,46.6,27.3,70.8,Was@Phi,BET OVER,0.08909026687984622
Malik Nabers,NYG,receiving_yards,59.5,0.41170712607674237,0.5,-0.08829287392325763,51.1,27.8,78.9,Dal@New,BET UNDER,0.08829287392325763
Rashee Rice,KC,receiving_yards,58.5,0.5677368833202819,0.4796954314720812,0.08804145184820072,65.3,42.4,98.8,Den@Kan,BET OVER,0.08804145184820072
Cade Otton,TB,receiving_yards,30.5,0.40903703703703703,0.4969864995178399,-0.08794946248080288,24.8,10.6,43.4,Tam@Cin,BET UNDER,0.08794946248080288
Sam LaPorta,DET,receptions,4.5,0.34874074074074074,0.4363547859949237,-0.08761404525418298,3.4,1.9,5.3,New@Det,BET UNDER,0.08761404525418298
Rashee Rice,KC,receiving_yards,56.5,0.5873140172278778,0.5,0.0873140172278778,65.3,42.4,98.8,Den@Kan,BET OVER,0.0873140172278778
Tyjae Spears,TEN,rushing_yards,24.5,0.41757536882617063,0.5045364356334899,-0.0869610668073193,19.2,7.5,36.9,New@Ten,BET UNDER,0.0869610668073193
Jahmyr Gibbs,DET,receptions,3.5,0.6703210649960846,0.5834970530451867,0.08682401195089784,4.6,2.9,6.5,New@Det,BET OVER,0.08682401195089784
Tyler Warren,IND,receiving_yards,48.5,0.41170712607674237,0.498491762921032,-0.08678463684428961,41.6,22.7,64.2,Bal@Ind,BET UNDER,0.08678463684428961
Jahmyr Gibbs,DET,receiving_yards,30.5,0.5861393891934221,0.5,0.08613938919342212,36.5,19.9,56.3,New@Det,BET OVER,0.08613938919342212
Dawson Knox,BUF,receiving_yards,12.5,0.5939184519695923,0.5079872204472844,0.08593123152230786,17.0,5.3,35.9,Buf@Hou,BET OVER,0.08593123152230786
Ashton Jeanty,LV,receiving_yards,18.5,0.41451278507256395,0.5,-0.08548721492743605,14.3,4.5,30.3,Mia@Las,BET UNDER,0.08548721492743605
Calvin Ridley,TEN,receiving_yards,27.5,0.41520387007601933,0.5,-0.08479612992398067,21.4,6.6,45.1,New@Ten,BET UNDER,0.08479612992398067
Cade Otton,TB,receiving_yards,29.5,0.42444444444444446,0.5090470446320868,-0.08460260018764237,24.8,10.6,43.4,Tam@Cin,BET UNDER,0.08460260018764237
Mason Taylor,NYJ,receiving_yards,20.5,0.5845925925925926,0.5,0.08459259259259255,25.8,11.1,45.1,New@Ten,BET OVER,0.08459259259259255
Jalen Coker,CAR,receiving_yards,38.5,0.4157037037037037,0.5,-0.08429629629629631,31.8,13.6,55.6,Chi@Car,BET UNDER,0.08429629629629631
Jaylen Warren,PIT,rushing_yards,42.5,0.5877030162412993,0.5041554124246831,0.08354760381661619,49.8,29.2,75.6,Atl@Pit,BET OVER,0.08354760381661619
Dallas Goedert,PHI,receiving_yards,36.5,0.5849647611589663,0.5015460431890295,0.08341871796993683,43.5,23.7,67.2,Was@Phi,BET OVER,0.08341871796993683
Aaron Jones,MIN,receiving_yards,14.5,0.41161022805805114,0.4948402542722694,-0.08323002621421827,11.1,3.5,23.5,Gre@Min,BET UNDER,0.08323002621421827
Justin Jefferson,MIN,receiving_yards,71.5,0.41855912294440095,0.5,-0.08144087705559905,62.0,33.8,95.8,Gre@Min,BET UNDER,0.08144087705559905
Greg Dulcich,MIA,receiving_yards,24.5,0.4192121630960608,0.5,-0.0807878369039392,19.4,6.0,40.9,Mia@Las,BET UNDER,0.0807878369039392
Quinshon Judkins,CLE,receptions,1.5,0.6328956461644782,0.5523581135091926,0.08053753265528563,2.4,1.2,4.0,Cle@Jac,BET OVER,0.08053753265528563
Bijan Robinson,ATL,rushing_yards,81.5,0.41647331786542924,0.4969864995178399,-0.08051318165241067,70.2,41.2,106.7,Atl@Pit,BET UNDER,0.08051318165241067
Evan Engram,DEN,receiving_yards,21.5,0.4197650310988252,0.5,-0.08023496890117482,17.0,5.3,35.9,Den@Kan,BET UNDER,0.08023496890117482
Kayshon Boutte,HOU,receiving_yards,25.5,0.42004146510020735,0.5,-0.07995853489979265,20.2,6.3,42.7,Buf@Hou,BET UNDER,0.07995853489979265
Rico Dowdle,PIT,rushing_yards,46.5,0.4201856148491879,0.5,-0.07981438515081207,40.3,23.6,61.2,Atl@Pit,BET UNDER,0.07981438515081207
Darnell Mooney,NYG,receiving_yards,21.5,0.5715555555555556,0.4920127795527157,0.07954277600283988,26.1,11.2,45.5,Dal@New,BET OVER,0.07954277600283988
Jacory Croskey-Merritt,WAS,rushing_yards,40.5,0.5784222737819026,0.5,0.07842227378190259,46.6,27.3,70.8,Was@Phi,BET OVER,0.07842227378190259
Rome Odunze,CHI,receiving_yards,39.5,0.5745888801879405,0.49739321944707027,0.07719566074087025,46.0,25.0,71.0,Chi@Car,BET OVER,0.07719566074087025
Rashee Rice,KC,receiving_yards,57.5,0.5787000783085356,0.5015113045580946,0.07718877375044109,65.3,42.4,98.8,Den@Kan,BET OVER,0.07718877375044109
Greg Dulcich,MIA,receptions,2.5,0.41672425708362126,0.49391119119241406,-0.07718693410879279,2.1,1.1,3.5,Mia@Las,BET UNDER,0.07718693410879279
Cade Otton,TB,receptions,3.5,0.37985185185185183,0.4564539116366858,-0.07660205978483398,2.8,1.6,4.4,Tam@Cin,BET UNDER,0.07660205978483398
Cole Kmet,CHI,receptions,1.5,0.5890808569454042,0.513251339898714,0.07582951704669028,2.0,1.0,3.4,Chi@Car,BET OVER,0.07582951704669028
Tyler Warren,IND,receiving_yards,47.5,0.4246280344557557,0.5,-0.0753719655442443,41.6,22.7,64.2,Bal@Ind,BET UNDER,0.0753719655442443
Luther Burden III,CHI,receiving_yards,57.5,0.42541111981205953,0.5,-0.07458888018794047,50.5,27.5,78.0,Chi@Car,BET UNDER,0.07458888018794047
Jordan Mason,MIN,rushing_yards,43.5,0.4296983758700696,0.5041010938805546,-0.07440271801048498,38.3,22.5,58.2,Gre@Min,BET UNDER,0.07440271801048498
Dawson Knox,BUF,receiving_yards,13.5,0.5738769868693849,0.5,0.07387698686938493,17.0,5.3,35.9,Buf@Hou,BET OVER,0.07387698686938493
Justin Jefferson,MIN,receiving_yards,70.5,0.42619420516836337,0.5,-0.07380579483163663,62.0,33.8,95.8,Gre@Min,BET UNDER,0.07380579483163663
Mason Taylor,NYJ,receiving_yards,21.5,0.569037037037037,0.49589890611944537,0.07313813091759164,25.8,11.1,45.1,New@Ten,BET OVER,0.07313813091759164
Jonathan Taylor,IND,receiving_yards,19.5,0.42709053213545267,0.5,-0.07290946786454733,15.8,4.9,33.3,Bal@Ind,BET UNDER,0.07290946786454733
Jahmyr Gibbs,DET,receptions,4.5,0.5150743931088488,0.4433227441172805,0.07175164899156833,4.6,2.9,6.5,New@Det,BET OVER,0.07175164899156833
Jonathan Taylor,IND,receptions,2.5,0.49288182446440915,0.564606260070623,-0.07172443560621383,2.5,1.2,4.1,Bal@Ind,BET UNDER,0.07172443560621383
De'Von Achane,MIA,rushing_yards,66.5,0.42923433874709976,0.5,-0.07076566125290024,58.6,34.3,89.0,Mia@Las,BET UNDER,0.07076566125290024
Calvin Ridley,TEN,receiving_yards,26.5,0.42653766413268834,0.4969864995178399,-0.07044883538515156,21.4,6.6,45.1,New@Ten,BET UNDER,0.07044883538515156
Bijan Robinson,ATL,rushing_yards,79.5,0.4306264501160093,0.5010464130421027,-0.07041996292609343,70.2,41.2,106.7,Atl@Pit,BET UNDER,0.07041996292609343
Jahan Dotson,ATL,receiving_yards,14.5,0.5753973738769869,0.5051597457277305,0.07023762814925638,18.4,5.7,38.8,Atl@Pit,BET OVER,0.07023762814925638
Jacory Croskey-Merritt,WAS,rushing_yards,41.5,0.5700696055684454,0.5,0.07006960556844544,46.6,27.3,70.8,Was@Phi,BET OVER,0.07006960556844544
Chase Brown,CIN,rushing_yards,59.5,0.43317865429234337,0.5030135004821601,-0.06983484618981672,52.8,30.9,80.2,Tam@Cin,BET UNDER,0.06983484618981672
Malik Nabers,NYG,receiving_yards,57.5,0.43108848864526234,0.5005094762584064,-0.06942098761314403,51.1,27.8,78.9,Dal@New,BET UNDER,0.06942098761314403
Stefon Diggs,WAS,receptions,3.5,0.4915555555555556,0.5602559332394292,-0.06870037768387366,3.5,2.0,5.4,Was@Phi,BET UNDER,0.06870037768387366
Kalif Raymond,CHI,receiving_yards,14.5,0.5726330338631652,0.5041554124246831,0.06847762143848213,18.2,5.6,38.3,Chi@Car,BET OVER,0.06847762143848213
Kenny Gainwell,TB,rushing_yards,21.5,0.5766516998075689,0.5091643251893341,0.06748737461823484,27.1,10.7,52.1,Tam@Cin,BET OVER,0.06748737461823484
Dalton Schultz,HOU,receiving_yards,34.5,0.43303703703703705,0.5,-0.06696296296296295,29.5,12.7,51.6,Buf@Hou,BET UNDER,0.06696296296296295
Calvin Ridley,TEN,receiving_yards,25.5,0.4424326192121631,0.5090470446320868,-0.06661442541992374,21.4,6.6,45.1,New@Ten,BET UNDER,0.06661442541992374
Jahan Dotson,ATL,receptions,1.5,0.5817553559087768,0.515148390320135,0.06660696558864176,1.9,1.0,3.2,Atl@Pit,BET OVER,0.06660696558864176
Rome Odunze,CHI,receiving_yards,40.5,0.562255285826155,0.4959548561951377,0.06630042963101734,46.0,25.0,71.0,Chi@Car,BET OVER,0.06630042963101734
Kyle Pitts,ATL,receptions,3.5,0.6458496476115897,0.580056749087961,0.06579289852362868,4.4,2.8,6.2,Atl@Pit,BET OVER,0.06579289852362868
Jerry Jeudy,CLE,receptions,2.5,0.5268148148148148,0.592311257567562,-0.06549644275274713,2.6,1.5,4.1,Cle@Jac,BET UNDER,0.06549644275274713
Kalif Raymond,CHI,receptions,1.5,0.5607463718037319,0.4958445875753168,0.06490178422841508,1.8,0.9,3.0,Chi@Car,BET OVER,0.06490178422841508
Brenton Strange,JAX,receiving_yards,37.5,0.43022222222222223,0.4949766918501849,-0.06475446962796266,32.0,13.7,55.9,Cle@Jac,BET UNDER,0.06475446962796266
Jaylen Warren,PIT,rushing_yards,44.5,0.5668213457076566,0.5030135004821601,0.06380784522549654,49.8,29.2,75.6,Atl@Pit,BET OVER,0.06380784522549654
Ashton Jeanty,LV,receiving_yards,17.5,0.43261921216309607,0.4963914257578006,-0.06377221359470453,14.3,4.5,30.3,Mia@Las,BET UNDER,0.06377221359470453
Kendrick Bourne,ARI,receiving_yards,18.5,0.43635107118175537,0.5,-0.06364892881824463,15.3,4.8,32.4,Ari@Los,BET UNDER,0.06364892881824463
Cam Skattebo,NYG,receptions,2.5,0.5111111111111111,0.448706013777695,0.06240509733341609,2.6,1.5,4.0,Dal@New,BET OVER,0.06240509733341609
Khalil Shakir,BUF,receptions,3.5,0.4648888888888889,0.5262193570034998,-0.06133046811461085,3.2,1.8,5.0,Buf@Hou,BET UNDER,0.06133046811461085
Travis Etienne,NO,rushing_yards,56.5,0.44129930394431555,0.5005094762584064,-0.059210172314090814,50.7,29.7,77.0,New@Det,BET UNDER,0.059210172314090814
Cole Kmet,CHI,receiving_yards,13.5,0.5599170697995853,0.5010179153094463,0.05889915449013905,16.2,5.0,34.3,Chi@Car,BET OVER,0.05889915449013905
Tucker Kraft,GB,receptions,3.5,0.5268148148148148,0.585100316242418,-0.05828550142760314,3.7,2.1,5.8,Gre@Min,BET UNDER,0.05828550142760314
Bucky Irving,TB,rushing_yards,57.5,0.5582366589327146,0.5,0.05823665893271457,63.5,37.3,96.5,Tam@Cin,BET OVER,0.05823665893271457
Adonai Mitchell,NYJ,receiving_yards,30.5,0.5628425998433829,0.5052301255230125,0.05761247432037042,34.6,18.9,53.5,New@Ten,BET OVER,0.05761247432037042
Jahmyr Gibbs,DET,receiving_yards,32.5,0.5573610023492561,0.5,0.05736100234925612,36.5,19.9,56.3,New@Det,BET OVER,0.05736100234925612
Brenton Strange,JAX,receiving_yards,36.5,0.44281481481481483,0.5,-0.05718518518518517,32.0,13.7,55.9,Cle@Jac,BET UNDER,0.05718518518518517
Kayshon Boutte,HOU,receptions,2.5,0.34816862474084315,0.40534454286143223,-0.057175918120589087,1.9,0.9,3.1,Buf@Hou,BET UNDER,0.057175918120589087
RJ Harvey,DEN,receiving_yards,15.5,0.5484450587422253,0.4920127795527157,0.05643227918950955,17.9,5.6,37.7,Den@Kan,BET OVER,0.05643227918950955
Chase Brown,CIN,rushing_yards,58.5,0.44385150812064966,0.5,-0.05614849187935034,52.8,30.9,80.2,Tam@Cin,BET UNDER,0.05614849187935034
Jahan Dotson,ATL,receiving_yards,15.5,0.5557705597788528,0.5,0.05577055977885281,18.4,5.7,38.8,Atl@Pit,BET OVER,0.05577055977885281
Brenton Strange,JAX,receiving_yards,35.5,0.45451851851851854,0.5090470446320868,-0.05452852611356829,32.0,13.7,55.9,Cle@Jac,BET UNDER,0.05452852611356829
Amon-Ra St. Brown,DET,receiving_yards,75.5,0.5552075176194206,0.5010464130421027,0.05416110457731782,82.6,53.5,124.8,New@Det,BET OVER,0.05416110457731782
Rico Dowdle,PIT,rushing_yards,44.5,0.4464037122969838,0.5005094762584064,-0.05410576396142258,40.3,23.6,61.2,Atl@Pit,BET UNDER,0.05410576396142258
Bijan Robinson,ATL,rushing_yards,77.5,0.4464037122969838,0.5,-0.05359628770301622,70.2,41.2,106.7,Atl@Pit,BET UNDER,0.05359628770301622
Pat Freiermuth,PIT,receiving_yards,23.5,0.5582222222222222,0.5050233081498151,0.053198914072407066,27.4,11.7,47.8,Atl@Pit,BET OVER,0.053198914072407066
Pat Freiermuth,PIT,receptions,2.5,0.5869629629629629,0.5347344777795604,0.05222848518340251,3.0,1.7,4.6,Atl@Pit,BET OVER,0.05222848518340251
Derrick Henry,BAL,rushing_yards,77.5,0.5519721577726218,0.5,0.05197215777262176,84.5,49.6,128.4,Bal@Ind,BET OVER,0.05197215777262176
Stefon Diggs,WAS,receiving_yards,42.5,0.44814814814814813,0.5,-0.05185185185185187,37.6,16.1,65.6,Was@Phi,BET UNDER,0.05185185185185187
Cam Skattebo,NYG,rushing_yards,49.5,0.4487238979118329,0.5,-0.051276102088167075,45.1,26.4,68.5,Dal@New,BET UNDER,0.051276102088167075
Travis Etienne,NO,receiving_yards,15.5,0.456945404284727,0.5079872204472844,-0.051041816162557374,13.5,4.2,28.5,New@Det,BET UNDER,0.051041816162557374
Dalton Schultz,HOU,receiving_yards,33.5,0.44637037037037036,0.4969864995178399,-0.050616129147469546,29.5,12.7,51.6,Buf@Hou,BET UNDER,0.050616129147469546
Tyler Warren,IND,receiving_yards,45.5,0.4494909945184025,0.5,-0.05050900548159748,41.6,22.7,64.2,Bal@Ind,BET UNDER,0.05050900548159748
Travis Etienne,NO,rushing_yards,55.5,0.45150812064965196,0.5,-0.048491879350348044,50.7,29.7,77.0,New@Det,PASS,0.048491879350348044
Kayshon Boutte,HOU,receptions,1.5,0.572356599861783,0.6202531645569621,-0.04789656469517911,1.9,0.9,3.1,Buf@Hou,PASS,0.04789656469517911
Rico Dowdle,PIT,receptions,1.5,0.6192121630960609,0.5715151064304616,0.04769705666559931,2.3,1.1,3.8,Atl@Pit,PASS,0.04769705666559931
Bucky Irving,TB,rushing_yards,59.5,0.5394431554524362,0.49179655455291227,0.04764660089952388,63.5,37.3,96.5,Tam@Cin,PASS,0.04764660089952388
Bijan Robinson,ATL,rushing_yards,76.5,0.45243619489559167,0.5,-0.04756380510440833,70.2,41.2,106.7,Atl@Pit,PASS,0.04756380510440833
Cole Kmet,CHI,receiving_yards,14.5,0.5384934346924671,0.4917678906606377,0.046725544031829436,16.2,5.0,34.3,Chi@Car,PASS,0.046725544031829436
Adonai Mitchell,NYJ,receiving_yards,31.5,0.5465935787000783,0.5,0.0465935787000783,34.6,18.9,53.5,New@Ten,PASS,0.0465935787000783
Khalil Shakir,BUF,receiving_yards,37.5,0.4537777777777778,0.5,-0.04622222222222222,33.6,14.4,58.6,Buf@Hou,PASS,0.04622222222222222
Colston Loveland,CHI,receptions,4.5,0.5507047768206734,0.5045866018376607,0.04611817498301274,4.9,3.1,6.9,Chi@Car,PASS,0.04611817498301274
Adonai Mitchell,NYJ,receiving_yards,34.5,0.5013703993735317,0.4554079696394686,0.04596242973406306,34.6,18.9,53.5,New@Ten,PASS,0.04596242973406306
Derrick Henry,BAL,rushing_yards,78.5,0.5452436194895591,0.5,0.04524361948955913,84.5,49.6,128.4,Bal@Ind,PASS,0.04524361948955913
Tucker Kraft,GB,receptions,4.5,0.39037037037037037,0.43348916277093075,-0.04311879240056038,3.7,2.1,5.8,Gre@Min,PASS,0.04311879240056038
Parker Washington,JAX,receptions,4.5,0.4725920125293657,0.42952922348239564,0.043062789046970085,4.4,2.8,6.2,Cle@Jac,PASS,0.043062789046970085
Tre Harris,LAC,receptions,2.5,0.5111111111111111,0.4681518987341772,0.0429592123769339,2.6,1.4,4.0,Ari@Los,PASS,0.0429592123769339
Xavier Hutchinson,HOU,receptions,1.5,0.5817553559087768,0.6242682114897492,-0.0425128555809724,2.0,1.0,3.3,Buf@Hou,PASS,0.0425128555809724
Jonathan Taylor,IND,receiving_yards,17.5,0.4662059433310297,0.5082034454470877,-0.041997502116058016,15.8,4.9,33.3,Bal@Ind,PASS,0.041997502116058016
Chase Brown,CIN,receiving_yards,24.5,0.4696296296296296,0.5112107623318386,-0.04158113270220898,22.8,9.8,39.9,Tam@Cin,PASS,0.04158113270220898
Kyle Pitts,ATL,receptions,4.5,0.48649177760375883,0.44492798733819156,0.04156379026556728,4.4,2.8,6.2,Atl@Pit,PASS,0.04156379026556728
Xavier Hutchinson,HOU,receiving_yards,20.5,0.45846579129232895,0.5,-0.04153420870767105,18.0,5.6,37.9,Buf@Hou,PASS,0.04153420870767105
Amon-Ra St. Brown,DET,receiving_yards,76.5,0.543461237274863,0.5025718121730209,0.040889425101842014,82.6,53.5,124.8,New@Det,PASS,0.040889425101842014
Cam Skattebo,NYG,rushing_yards,48.5,0.46009280742459396,0.5005094762584064,-0.0404166688338124,45.1,26.4,68.5,Dal@New,PASS,0.0404166688338124
Stefon Diggs,WAS,receptions,4.5,0.34874074074074074,0.38873994638069703,-0.03999920563995629,3.5,2.0,5.4,Was@Phi,PASS,0.03999920563995629
Bijan Robinson,ATL,rushing_yards,75.5,0.46009280742459396,0.5,-0.039907192575406036,70.2,41.2,106.7,Atl@Pit,PASS,0.039907192575406036
Malik Nabers,NYG,receptions,5.5,0.3790133124510572,0.41875327882880514,-0.03973996637774796,4.7,3.0,6.6,Dal@New,PASS,0.03973996637774796
Amon-Ra St. Brown,DET,receiving_yards,77.5,0.5395458104933438,0.5,0.039545810493343825,82.6,53.5,124.8,New@Det,PASS,0.039545810493343825
Wan'Dale Robinson,TEN,receiving_yards,41.5,0.5395458104933438,0.5,0.039545810493343825,44.3,28.7,66.9,New@Ten,PASS,0.039545810493343825
Courtland Sutton,DEN,receptions,3.5,0.6180501174628035,0.5787590258704703,0.03929109159233313,4.3,2.7,6.0,Den@Kan,PASS,0.03929109159233313
Andrei Iosivas,CIN,receiving_yards,15.5,0.4635798203178991,0.5025191521485024,-0.038939331830603274,13.8,4.3,29.2,Tam@Cin,PASS,0.038939331830603274
Courtland Sutton,DEN,receptions,4.5,0.4563429913860611,0.41757707942863775,0.03876591195742335,4.3,2.7,6.0,Den@Kan,PASS,0.03876591195742335
Derrick Henry,BAL,rushing_yards,79.5,0.5378190255220417,0.5,0.03781902552204175,84.5,49.6,128.4,Bal@Ind,PASS,0.03781902552204175
Chase Brown,CIN,rushing_yards,56.5,0.4631090487238979,0.5,-0.03689095127610209,52.8,30.9,80.2,Tam@Cin,PASS,0.03689095127610209
Kyle Monangai,CHI,rushing_yards,32.5,0.46311738293778065,0.5,-0.03688261706221935,28.5,11.2,54.8,Chi@Car,PASS,0.03688261706221935
Omarion Hampton,LAC,receptions,2.5,0.45943331029716655,0.4226686061027105,0.036764704194456044,2.3,1.1,3.8,Ari@Los,PASS,0.036764704194456044
Tucker Kraft,GB,receiving_yards,47.5,0.464,0.5,-0.035999999999999976,43.7,18.7,76.3,Gre@Min,PASS,0.035999999999999976
Khalil Shakir,BUF,receiving_yards,36.5,0.4645925925925926,0.5,-0.03540740740740739,33.6,14.4,58.6,Buf@Hou,PASS,0.03540740740740739
Omarion Hampton,LAC,receiving_yards,12.5,0.546371803731859,0.5110619469026548,0.03530985682920418,14.4,4.5,30.4,Ari@Los,PASS,0.03530985682920418
RJ Harvey,DEN,receptions,2.5,0.5234277816171389,0.48823757931540557,0.03519020230173331,2.6,1.3,4.4,Den@Kan,PASS,0.03519020230173331
Darnell Washington,PIT,receiving_yards,16.5,0.46592950932964755,0.5,-0.03407049067035245,14.8,4.6,31.3,Atl@Pit,PASS,0.03407049067035245
Adonai Mitchell,NYJ,receptions,2.5,0.5602975724353955,0.5268875475962452,0.03341002483915023,2.7,1.7,3.9,New@Ten,PASS,0.03341002483915023
Ashton Jeanty,LV,rushing_yards,60.5,0.46751740139211134,0.5,-0.03248259860788866,57.0,33.4,86.6,Mia@Las,PASS,0.03248259860788866
Tommy Tremble,CAR,receiving_yards,12.5,0.4597097442985487,0.4917678906606377,-0.03205814636208898,11.0,3.4,23.3,Chi@Car,PASS,0.03205814636208898
Dalton Schultz,HOU,receptions,3.5,0.4648888888888889,0.4968847958567786,-0.031995906967889676,3.3,1.8,5.1,Buf@Hou,PASS,0.031995906967889676
Xavier Hutchinson,HOU,receiving_yards,19.5,0.47131997235659984,0.5025770643393255,-0.03125709198272564,18.0,5.6,37.9,Buf@Hou,PASS,0.03125709198272564
Travis Kelce,KC,receiving_yards,39.5,0.5311276429130776,0.5,0.03112764291307757,42.3,23.0,65.3,Den@Kan,PASS,0.03112764291307757
Travis Etienne,NO,receiving_yards,14.5,0.4757429163787146,0.5067212659899156,-0.03097834961120105,13.5,4.2,28.5,New@Det,PASS,0.03097834961120105
Devaughn Vele,NO,receiving_yards,39.5,0.5291699295223179,0.49848869544190544,0.030681234080412456,42.2,23.0,65.2,New@Det,PASS,0.030681234080412456
Stefon Diggs,WAS,receiving_yards,40.5,0.46755555555555556,0.49795039967206395,-0.03039484411650839,37.6,16.1,65.6,Was@Phi,PASS,0.03039484411650839
Isaac TeSlaa,DET,receiving_yards,16.5,0.5308914996544575,0.5005084401057556,0.030383059548701907,18.2,5.6,38.3,New@Det,PASS,0.030383059548701907
DK Metcalf,PIT,receiving_yards,47.5,0.5272122161315583,0.4969864995178399,0.030225716613718423,50.5,27.5,78.0,Atl@Pit,PASS,0.030225716613718423
Jack Bech,LV,receiving_yards,19.5,0.4801658604008293,0.5101214574898786,-0.02995559708904927,18.4,5.7,38.8,Mia@Las,PASS,0.02995559708904927
Trey McBride,ARI,receptions,5.5,0.5873140172278778,0.5575221238938053,0.029791893334072506,6.3,4.2,8.4,Ari@Los,PASS,0.029791893334072506
Wan'Dale Robinson,TEN,receiving_yards,42.5,0.5293657008613939,0.5,0.029365700861393895,44.3,28.7,66.9,New@Ten,PASS,0.029365700861393895
RJ Harvey,DEN,receiving_yards,16.5,0.5261921216309606,0.4969046636401156,0.029287457990845034,17.9,5.6,37.7,Den@Kan,PASS,0.029287457990845034
Jalen Tolbert,MIA,receiving_yards,11.5,0.5321354526606773,0.5032007806954869,0.028934671965190395,12.7,3.9,26.8,Mia@Las,PASS,0.028934671965190395
Darnell Washington,PIT,receptions,1.5,0.5607463718037319,0.5896740615266924,-0.02892768972296056,1.7,0.9,2.9,Atl@Pit,PASS,0.02892768972296056
Jerry Jeudy,CLE,receiving_yards,30.5,0.5241481481481481,0.49547277347021856,0.028675374677929577,32.3,13.9,56.5,Cle@Jac,PASS,0.028675374677929577
Tucker Kraft,GB,receiving_yards,46.5,0.4717037037037037,0.5,-0.02829629629629632,43.7,18.7,76.3,Gre@Min,PASS,0.02829629629629632
Jameson Williams,DET,receptions,4.5,0.3884103367267032,0.4165029469548134,-0.02809261022811016,3.9,2.5,5.5,New@Det,PASS,0.02809261022811016
Derrick Henry,BAL,rushing_yards,80.5,0.5280742459396752,0.5,0.028074245939675224,84.5,49.6,128.4,Bal@Ind,PASS,0.028074245939675224
Adonai Mitchell,NYJ,receiving_yards,32.5,0.5279953014878622,0.5,0.027995301487862223,34.6,18.9,53.5,New@Ten,PASS,0.027995301487862223
Wan'Dale Robinson,TEN,receiving_yards,43.5,0.519185591229444,0.4917678906606377,0.02741770056880627,44.3,28.7,66.9,New@Ten,PASS,0.02741770056880627
Tyjae Spears,TEN,receiving_yards,17.5,0.4697995853489979,0.4969864995178399,-0.027186914168842002,16.0,5.0,33.7,New@Ten,PASS,0.027186914168842002
Trey McBride,ARI,receptions,6.5,0.46045418950665623,0.43365732778445215,0.02679686172220408,6.3,4.2,8.4,Ari@Los,PASS,0.02679686172220408
Kyle Monangai,CHI,rushing_yards,31.5,0.47530468248877483,0.5020223264843877,-0.026717643995612883,28.5,11.2,54.8,Chi@Car,PASS,0.026717643995612883
Jack Bech,LV,receptions,1.5,0.5950241879751209,0.5692753798290392,0.025748808146081714,2.1,1.1,3.5,Mia@Las,PASS,0.025748808146081714
Brenton Strange,JAX,receiving_yards,34.5,0.4665185185185185,0.4917678906606377,-0.025249372142119197,32.0,13.7,55.9,Cle@Jac,PASS,0.025249372142119197
Khalil Shakir,BUF,receiving_yards,35.5,0.47525925925925927,0.5,-0.02474074074074073,33.6,14.4,58.6,Buf@Hou,PASS,0.02474074074074073
Amon-Ra St. Brown,DET,receiving_yards,80.5,0.5246671887235709,0.5,0.024667188723570876,82.6,53.5,124.8,New@Det,PASS,0.024667188723570876
Trey McBride,ARI,receiving_yards,58.5,0.47611589663273296,0.5,-0.02388410336726704,56.8,36.8,85.9,Ari@Los,PASS,0.02388410336726704
Brian Thomas Jr.,JAX,receiving_yards,38.5,0.47733333333333333,0.5010179153094463,-0.02368458197611295,36.7,15.7,64.0,Cle@Jac,PASS,0.02368458197611295
Tyler Allgeier,ARI,rushing_yards,30.5,0.46824887748556765,0.4917678906606377,-0.023519013175070047,27.2,10.7,52.2,Ari@Los,PASS,0.023519013175070047
Parker Washington,JAX,receiving_yards,54.5,0.4765074393108849,0.5,-0.023492560689115094,52.1,28.4,80.5,Cle@Jac,PASS,0.023492560689115094
Tucker Kraft,GB,receiving_yards,43.5,0.5011851851851852,0.5246062992125985,-0.023421114027413314,43.7,18.7,76.3,Gre@Min,PASS,0.023421114027413314
Tre Harris,LAC,receiving_yards,26.5,0.4757037037037037,0.4989820846905538,-0.02327838098685009,25.1,10.8,43.8,Ari@Los,PASS,0.02327838098685009
Jalen Tolbert,MIA,receptions,1.5,0.4369039391845197,0.4138305729755851,0.023073366208934576,1.4,0.7,2.3,Mia@Las,PASS,0.023073366208934576
Pat Freiermuth,PIT,receiving_yards,26.5,0.5158518518518519,0.4928711096627016,0.022980742189150305,27.4,11.7,47.8,Atl@Pit,PASS,0.022980742189150305
Tyler Allgeier,ARI,rushing_yards,29.5,0.47979474021808854,0.5025770643393255,-0.02278232412123693,27.2,10.7,52.2,Ari@Los,PASS,0.02278232412123693
Xavier Hutchinson,HOU,receptions,2.5,0.3711126468555632,0.39378521549965734,-0.022672568644094115,2.0,1.0,3.3,Buf@Hou,PASS,0.022672568644094115
Pat Freiermuth,PIT,receiving_yards,25.5,0.5282962962962963,0.5056965088959988,0.022599787400297444,27.4,11.7,47.8,Atl@Pit,PASS,0.022599787400297444
Ashton Jeanty,LV,rushing_yards,59.5,0.4774941995359629,0.5,-0.022505800464037107,57.0,33.4,86.6,Mia@Las,PASS,0.022505800464037107
Bucky Irving,TB,receptions,2.5,0.3711126468555632,0.3933164104995955,-0.02220376364403226,2.0,1.0,3.3,Tam@Cin,PASS,0.02220376364403226
Jameson Williams,DET,receiving_yards,56.5,0.5252545027407988,0.5030953363598845,0.022159166380914308,60.0,32.7,92.6,New@Det,PASS,0.022159166380914308
Devaughn Vele,NO,receiving_yards,38.5,0.5456147220046985,0.5246062992125985,0.021008422792100023,42.2,23.0,65.2,New@Det,PASS,0.021008422792100023
Colston Loveland,CHI,receiving_yards,55.5,0.4970634299138606,0.4773429454170958,0.01972048449676478,55.3,30.1,85.3,Chi@Car,PASS,0.01972048449676478
DK Metcalf,PIT,receiving_yards,52.5,0.4815974941268598,0.5010464130421027,-0.01944891891524292,50.5,27.5,78.0,Atl@Pit,PASS,0.01944891891524292
Tommy Tremble,CAR,receptions,1.5,0.49785763648928816,0.4785218415578557,0.01933579493143245,1.5,0.7,2.5,Chi@Car,PASS,0.01933579493143245
Kyle Monangai,CHI,rushing_yards,30.5,0.482360487491982,0.5010464130421027,-0.01868592555012072,28.5,11.2,54.8,Chi@Car,PASS,0.01868592555012072
Jonathan Taylor,IND,receiving_yards,16.5,0.4851416724257084,0.5035318975331053,-0.018390225107396962,15.8,4.9,33.3,Bal@Ind,PASS,0.018390225107396962
Andrei Iosivas,CIN,receiving_yards,14.5,0.4837595024187975,0.5021058838394474,-0.018346381420649926,13.8,4.3,29.2,Tam@Cin,PASS,0.018346381420649926
Trey McBride,ARI,receiving_yards,55.5,0.5231010180109632,0.5050233081498151,0.018077709861148095,56.8,36.8,85.9,Ari@Los,PASS,0.018077709861148095
Darnell Washington,PIT,receiving_yards,15.5,0.4851416724257084,0.5030953363598845,-0.01795366393417608,14.8,4.6,31.3,Atl@Pit,PASS,0.01795366393417608
Devaughn Vele,NO,receiving_yards,40.5,0.5166405638214565,0.4989535869578972,0.0176869768635593,42.2,23.0,65.2,New@Det,PASS,0.0176869768635593
Xavier Hutchinson,HOU,receiving_yards,17.5,0.5093296475466482,0.4917678906606377,0.017561756886010527,18.0,5.6,37.9,Buf@Hou,PASS,0.017561756886010527
Isaac TeSlaa,DET,receiving_yards,19.5,0.47519004837595025,0.4920127795527157,-0.01682273117676547,18.2,5.6,38.3,New@Det,PASS,0.01682273117676547
Tyjae Spears,TEN,receptions,2.5,0.5360055286800276,0.5194075121439485,0.016598016536079063,2.7,1.4,4.5,New@Ten,PASS,0.016598016536079063
Parker Washington,JAX,receiving_yards,52.5,0.495301487862177,0.5113153492664732,-0.01601386140429617,52.1,28.4,80.5,Cle@Jac,PASS,0.01601386140429617
Tucker Kraft,GB,receiving_yards,42.5,0.5128888888888888,0.4969864995178399,0.01590238937104893,43.7,18.7,76.3,Gre@Min,PASS,0.01590238937104893
Bucky Irving,TB,receiving_yards,14.5,0.49094678645473394,0.5065805310963954,-0.015633744641661507,14.1,4.4,29.7,Tam@Cin,PASS,0.015633744641661507
Ashton Jeanty,LV,rushing_yards,58.5,0.48468677494199536,0.5,-0.015313225058004643,57.0,33.4,86.6,Mia@Las,PASS,0.015313225058004643
DK Metcalf,PIT,receptions,3.5,0.5387627251370399,0.5537048102778609,-0.01494208514082096,3.7,2.4,5.3,Atl@Pit,PASS,0.01494208514082096
Jonathan Taylor,IND,rushing_yards,76.5,0.4853828306264501,0.5,-0.014617169373549899,74.8,43.9,113.6,Bal@Ind,PASS,0.014617169373549899
Parker Washington,JAX,receiving_yards,53.5,0.48649177760375883,0.5010464130421027,-0.0145546354383439,52.1,28.4,80.5,Cle@Jac,PASS,0.0145546354383439
Tommy Tremble,CAR,receiving_yards,11.5,0.4851416724257084,0.49949052374159364,-0.014348851315885258,11.0,3.4,23.3,Chi@Car,PASS,0.014348851315885258
Colston Loveland,CHI,receiving_yards,53.5,0.5140955364134691,0.5,0.014095536413469056,55.3,30.1,85.3,Chi@Car,PASS,0.014095536413469056
Cole Kmet,CHI,receiving_yards,15.5,0.5169315825846579,0.5030135004821601,0.013918082102497786,16.2,5.0,34.3,Chi@Car,PASS,0.013918082102497786
Isaac TeSlaa,DET,receiving_yards,17.5,0.513752591568763,0.5,0.013752591568762962,18.2,5.6,38.3,New@Det,PASS,0.013752591568762962
Travis Kelce,KC,receptions,3.5,0.5544244322631167,0.5680095786222567,-0.013585146359139988,3.8,2.4,5.4,Den@Kan,PASS,0.013585146359139988
Devaughn Vele,NO,receiving_yards,42.5,0.49569303054032887,0.5082034454470877,-0.01251041490675886,42.2,23.0,65.2,New@Det,PASS,0.01251041490675886
Saquon Barkley,PHI,rushing_yards,77.5,0.4835266821345708,0.4949766918501849,-0.011450009715614107,75.4,44.2,114.5,Was@Phi,PASS,0.011450009715614107
Bucky Irving,TB,receiving_yards,13.5,0.5159640635798203,0.5046064687082021,0.011357594871618137,14.1,4.4,29.7,Tam@Cin,PASS,0.011357594871618137
Jameson Williams,DET,receiving_yards,58.5,0.5097885669537979,0.49848869544190544,0.01129987151189249,60.0,32.7,92.6,New@Det,PASS,0.01129987151189249
Chase Brown,CIN,receiving_yards,23.5,0.4877037037037037,0.4989820846905538,-0.011278380986850078,22.8,9.8,39.9,Tam@Cin,PASS,0.011278380986850078
Khalil Shakir,BUF,receiving_yards,34.5,0.48874074074074075,0.5,-0.011259259259259247,33.6,14.4,58.6,Buf@Hou,PASS,0.011259259259259247
Jerry Jeudy,CLE,receiving_yards,31.5,0.5127407407407407,0.5026067805529297,0.010133960187810986,32.3,13.9,56.5,Cle@Jac,PASS,0.010133960187810986
Brian Thomas Jr.,JAX,receptions,2.5,0.573037037037037,0.5831630390042374,-0.010126001967200371,2.9,1.6,4.5,Cle@Jac,PASS,0.010126001967200371
Saquon Barkley,PHI,rushing_yards,76.5,0.4902552204176334,0.5,-0.00974477958236658,75.4,44.2,114.5,Was@Phi,PASS,0.00974477958236658
Ashton Jeanty,LV,rushing_yards,57.5,0.49559164733178657,0.5050233081498151,-0.009431660818028542,57.0,33.4,86.6,Mia@Las,PASS,0.009431660818028542
DK Metcalf,PIT,receiving_yards,49.5,0.5090054815974941,0.5,0.009005481597494147,50.5,27.5,78.0,Atl@Pit,PASS,0.009005481597494147
Omarion Hampton,LAC,receiving_yards,13.5,0.520248790601244,0.5113797127124913,0.008869077888752686,14.4,4.5,30.4,Ari@Los,PASS,0.008869077888752686
Xavier Hutchinson,HOU,receiving_yards,18.5,0.49136143745680716,0.5,-0.00863856254319284,18.0,5.6,37.9,Buf@Hou,PASS,0.00863856254319284
Jack Bech,LV,receiving_yards,17.5,0.5173462335867312,0.508729766869122,0.008616466717609184,18.4,5.7,38.8,Mia@Las,PASS,0.008616466717609184
Colston Loveland,CHI,receiving_yards,54.5,0.5074393108848865,0.4989772959705462,0.008462014914340288,55.3,30.1,85.3,Chi@Car,PASS,0.008462014914340288
DK Metcalf,PIT,receiving_yards,48.5,0.5166405638214565,0.5082145801888893,0.008425983632567191,50.5,27.5,78.0,Atl@Pit,PASS,0.008425983632567191
Chase Brown,CIN,receptions,3.5,0.4792592592592593,0.4876847290640395,-0.008425469804780206,3.4,1.9,5.2,Tam@Cin,PASS,0.008425469804780206
Jameson Williams,DET,receptions,3.5,0.5679326546593578,0.5602667433827404,0.007665911276617421,3.9,2.5,5.5,New@Det,PASS,0.007665911276617421
Saquon Barkley,PHI,rushing_yards,74.5,0.5074245939675174,0.5,0.007424593967517379,75.4,44.2,114.5,Was@Phi,PASS,0.007424593967517379
Tucker Kraft,GB,receiving_yards,44.5,0.4925925925925926,0.5,-0.007407407407407418,43.7,18.7,76.3,Gre@Min,PASS,0.007407407407407418
Brenton Strange,JAX,receptions,3.5,0.4648888888888889,0.4718423169750604,-0.006953428086171498,3.3,1.9,5.1,Cle@Jac,PASS,0.006953428086171498
Travis Kelce,KC,receiving_yards,42.5,0.49686765857478465,0.5030135004821601,-0.006145841907375438,42.3,23.0,65.3,Den@Kan,PASS,0.006145841907375438
Tre Harris,LAC,receiving_yards,25.5,0.49422222222222223,0.5,-0.005777777777777771,25.1,10.8,43.8,Ari@Los,PASS,0.005777777777777771
Jalen Tolbert,MIA,receiving_yards,12.5,0.50573600552868,0.5,0.005736005528680033,12.7,3.9,26.8,Mia@Las,PASS,0.005736005528680033
Calvin Ridley,TEN,receptions,2.5,0.39322736696613686,0.3884909435024978,0.004736423463639061,2.0,1.0,3.3,New@Ten,PASS,0.004736423463639061
Trey McBride,ARI,receiving_yards,56.5,0.5019577133907596,0.49739321944707027,0.004564493943689296,56.8,36.8,85.9,Ari@Los,PASS,0.004564493943689296
Tyjae Spears,TEN,receiving_yards,16.5,0.4903939184519696,0.494303491104001,-0.003909572652031401,16.0,5.0,33.7,New@Ten,PASS,0.003909572652031401
Travis Kelce,KC,receiving_yards,41.5,0.5080266249021144,0.5041604710933423,0.003866153808772088,42.3,23.0,65.3,Den@Kan,PASS,0.003866153808772088
Jameson Williams,DET,receiving_yards,59.5,0.5033281127642913,0.5,0.0033281127642913466,60.0,32.7,92.6,New@Det,PASS,0.0033281127642913466
Jonathan Taylor,IND,rushing_yards,74.5,0.5023201856148491,0.5050233081498151,-0.0027031225349659627,74.8,43.9,113.6,Bal@Ind,PASS,0.0027031225349659627
Omarion Hampton,LAC,receiving_yards,14.5,0.49799585348997927,0.5,-0.0020041465100207323,14.4,4.5,30.4,Ari@Los,PASS,0.0020041465100207323
Brian Thomas Jr.,JAX,receiving_yards,36.5,0.5019259259259259,0.5,0.0019259259259258865,36.7,15.7,64.0,Cle@Jac,PASS,0.0019259259259258865
Andrei Iosivas,CIN,receptions,1.5,0.49785763648928816,0.4989634298034663,-0.0011057933141781495,1.5,0.7,2.4,Tam@Cin,PASS,0.0011057933141781495
Jack Bech,LV,receiving_yards,18.5,0.49896337249481687,0.5,-0.0010366275051831297,18.4,5.7,38.8,Mia@Las,PASS,0.0010366275051831297
Tyjae Spears,TEN,receiving_yards,15.5,0.5107118175535591,0.5101214574898786,0.0005903600636805173,16.0,5.0,33.7,New@Ten,PASS,0.0005903600636805173
